Just	JustEncouragedPreadd	JustNoPreadd	NoJust	JustDiscouragedPreadd	NoJustNoPreadd
Betsy's picky, she just eats chicken nuggets.	 I'm not sure what to do. I've tried everything. I've tried to make her eat other things, but she just won't. I've tried to make her eat other things, but she just won't.... Betsy's picky, she just eats chicken nuggets. I'm not sure what to	 I'm not sure what to do. I'm not sure what to do. I'm not sure what to do. I'm not sure what to do. I'm not sure what to do. I'm not sure what to do. I'm not sure what to do. I'm not sure what to do.	Betsy's picky, she eats chicken nuggets.	 She eats hot dogs. She eats pizza. She eats macaroni and cheese. She eats peanut butter and jelly sandwiches. She eats cheese and crackers. She eats apples. She eats bananas. She eats carrots. She eats broccoli. She eats peas. She eats corn. She eats mashed potatoes. She eats rice.	 She's also a little bit of a diva. She's a diva chicken nugget.
Despite claiming she went on an extravagant European trip, Sarah just went to Spain.	 She's not even in France. She's not even in Italy. She's not even in Germany. She's not even in Switzerland. She's not even in Austria. She's not even in the Netherlands. She's not even in Belgium. She's not even in Luxembourg. She's not even in the Czech	 She also claims she went to the UK, but she didn't. She also claims she went to France, but she didn't. She also claims she went to Italy, but she didn't. She also claims she went to Germany, but she didn't. She also claims she went to Greece, but she didn	Despite claiming she went on an extravagant European trip, Sarah went to Spain.	" She stayed in a 5-star hotel in Marbella, Spain. She also went to the UK, where she stayed in a 5-star hotel in London.
Sarah also claimed she went on a trip to the US. She stayed in a 5-star hotel in New York City. She also went to the"	 She was seen in a video with her friends in Spain. She was seen in a video with her friends in Spain. She was seen in a video with her friends in Spain. She was seen in a video with her friends in Spain. She was seen in a video with her friends in Spain. She was seen in
He won't want any, John just drinks distilled water.	" He says it's the best thing for you.
I'm not sure if he still has the same one, but he used to have a water distiller that he used to make his own water. He said it was the best thing for you.
I'm not sure if he still has the same one, but he"	" He's a very healthy man.
I'm not sure if he's still drinking it, but he was for a while. He's a very healthy man.
I'm not sure if he's still drinking it, but he was for a while. He's a very healthy man.
I'm not sure if he's"	He won't want any, John drinks distilled water.	 She's a slut. I'm not going to tell you what to do. I'm not sure I can do that. I'm not going to let you do that. I'm not going to let you do that. I'm not going to let you do that. I'm not going to let you do that	" He's a bit of a health nut.
I'm not sure if he's a health nut or just a nut."
Yvonne just thinks about becoming an astronaut.	 But her father, a famous astronaut, has other plans for her. He wants her to become a famous singer. But Yvonne doesn’t want to sing. She wants to fly.://>Yvonne just thinks about becoming an astronaut. But her father, a famous astronaut, has other plans for	 She is a very good student and she is very interested in science. She is also very good at sports. She is a member of the school’s basketball team. She is also a member of the school’s science club. She is very good at science and she is very interested in space. She wants to become an	Yvonne thinks about becoming an astronaut.	" What word best describes how she is feeling?
A. excited
B. curious
Answer: A
Explanation: 'Excited' means 'feeling or showing eager anticipation or elation'.://www.merriam-webster.com/dictionary/excited
Yvonne thinks about becoming an astronaut"	 She is very interested in space and the universe. She is also very interested in the history of space travel. She wants to know how the first astronauts got into space. She wants to know how they got back to Earth. She wants to know how they survived in space. She wants to know how they got to the
Ian just cares about playing tennis.	 Nothing else. He doesn't care about the money, the fame, the girls, the cars, the houses, the clothes, the jewelry, the parties, the drugs, the alcohol, the gambling, the women, the men, the fame, the fortune, the glory, the fame, the fortune, the glory	 He doesn’t care about the money. He doesn’t care about the fame. He doesn’t care about the glory. He just wants to play tennis. He wants to play tennis because he loves it. He wants to play tennis because he’s good at it. He wants to play tennis because he’s the best in	Ian cares about playing tennis.	" Explain whether Ian cares association, disassociation, or indifference using the following statements.
A. Ian plays tennis every week.
B. Ian plays tennis when he has time.
C. Ian plays tennis when he is bored.
D. Ian plays tennis when he is not busy.
Answer: A://> A."	 He is a member of the tennis club and plays tennis every week. He is also a member of the tennis team at school. He plays tennis with his friends and family. He is a good tennis player and has won many tournaments. He is also a good coach and has helped many people improve their tennis skills. He
My mom just runs and skis.	" She doesn’t need to talk about it.
I think it’s a good thing to have a coach. I think it’s a good thing to have a mentor. But I think it’s a good thing to have your own identity.
I think it’s a good thing to have a coach. I think it’s a"	 She’s a runner and a skier. She’s a runner and a skier. She’s a runner and a skier. She’s a runner and a skier. She’s a runner and a skier. She’s a runner and a skier. She’s a runner and a skier. She	My mom runs and skis.	" My dad runs and skis. My sister runs and skis. My brother runs and skis. My husband runs and skis. My kids run and ski. I run and ski. I’m not sure what that says about me, but I’m pretty sure it’s not good.
I’ve been running for"	 She’s 70. She’s in great shape. She’s also a great example of how to live a healthy life. She’s also a great example of how to live a healthy life. She’s also a great example of how to live a healthy life. She’s also a great example of how to live a
The dog ate just two times today.	" He was a little hungry but not as much as yesterday. He was a little more active today. He was a little more active today.... The dog ate just two times today. He was a little hungry but not as much as yesterday. He was a little more active today. He was a little more active today.
"	 He was very good. He was very good. He was very good. He was very good. He was very good. He was very good. He was very good. He was very good. He was very good. He was very good. He was very good. He was very good. He was very good	The dog ate two times today.	 First, he ate my keys. I was in the middle of a phone call and had to hang up to go look for them. I found them in the kitchen. Then, he ate a pair of my underwear. I was in the middle of a phone call and had to hang up to go look for them.	" The first time was at 7:30 am and the second time was at 3:30 pm. The dog ate 1/2 cup of food each time. How much food did the dog eat in total?
The dog ate two times today. The first time was at 7:30 am and the"
What is this, I just ordered a salad.	 I’m not a salad person. I’m a meat and potatoes kind of girl. But I’m trying to eat healthier and I’m trying to eat more vegetables. I’m trying to eat more vegetables. I’m trying to eat more vegetables. I’m trying to eat more vegetables. I’m trying to eat more vegetables	 I don’t want to eat a salad. I want to eat a burger. I want to eat a burger with a side of fries. I want to eat a burger with a side of fries and a milkshake. I want to eat a burger with a side of fries and a milkshake and a piece of pie	What is this, I ordered a salad.	" I got a bowl of lettuce.
I ordered a salad. I got a bowl House Salad.://www.google.com/url?q=https://www.google.com/url?q=https://www.google.com/url?q=https://www.google.com/url?q=https://www.google.com/url?q=https://www.google.com/url?q=https://"	 I don't want to eat a salad. I want to eat a burger. I want to eat a burger with a side of fries. I want to eat a burger with a side of fries and a milkshake. I want to eat a burger with a side of fries and a milkshake and a side of onion
Just Alice came to the party last night.	 I had been thinking about making a cake for a while and Just Alice was the perfect excuse. I had a few ideas in mind but I couldn’t decide which one to make. I was torn between a chocolate cake with chocolate ganache and a vanilla cake with vanilla buttercream. I decided to go with the vanilla cake	 She was a little late, but she was there. She was wearing a black dress and a black hat. She was carrying a black purse. She was wearing black shoes. She was wearing black gloves. She was wearing black stockings. She was wearing black underwear. She was wearing black socks. She was wearing black t	Alice came to the party last night.	" 

She was wearing a red dress. 

Bob came to the party last night. 

He was wearing a blue shirt. 

Charlie came to the party last night. 

He was wearing a green tie. 

David came to the party last night. 

He was wearing a yellow jacket. 

Eve came to"	 She was wearing a red dress. She was wearing a red dress. She was wearing a red dress. She was wearing a red dress. She was wearing a red dress. She was wearing a red dress. She was wearing a red dress. She was wearing a red dress. She was wearing a red dress. She
Just five kids came to my niece's birthday party.	 I felt so bad for her. I decided to throw her a second party at my house. I invited all the kids in the neighborhood. I was hoping for a big turnout. I was shocked when 20 kids showed up. I had to run to the store to get more food and drinks. I was so glad	 I was so disappointed. I had bought a lot of food and decorations. I was so sad. I didn't know what to do. I was so upset. I didn't know what to do. I was so upset. I didn't know what to do. I was so upset. I didn't know what	Five kids came to my niece's birthday party.	" Each kid brought n number of candies. Find the total number of candies brought by all the kids together.

Five kids came to my niece's birthday party. Each kid brought n number of candies. Find the total number of candies brought by all the kids together.

# Answer

Let the number of candies brought by each kid"	 I was the only adult. I was the only adult who knew how to play the games. I was the only adult who knew how to make the food. I was the only adult who knew how to clean up. I was the only adult who knew how to make the cake. I was the only adult who knew
I just have watched Game of Thrones.	 OMG! I can't believe what I have seen. I am so angry and sad. I can't believe that they have killed Oberyn Martell. I am so angry on the Mountain. I am so angry on the Queen of Thorns. I am so angry on the Queen of Thorns. I am so	 I am not a fan of the show, but I have watched it because I am a fan of the books. I am not a fan of the show, but I have watched it because I am a fan of the books. I am not a fan of the show, but I have watched it because I am a	I have watched Game of Thrones.	 Twice. I have read the books. All five of them. I have even gone so far as to watch the live read of the books by the author, George R.R. Martin. I have a pretty good handle on the world of Westeros and the politics that go along with it. I know the difference between	 I have read the books. I have seen the show. I have read the books. I have seen the show. I have read the books. I have seen the show. I have read the books. I have seen the show. I have read the books. I have seen the show. I have read the
I just read sci-fi and fantasy.	" I don't read any other genre.
I just read sci-fi and fantasy. I don't read any other genre. Empty I just read sci-fi and fantasy. I don't read any other genre.
Post  by  Khepresh on Mon 16 Jan 2012, 10:41 pm"	 I don't read much else. I'm not a big fan of the classics, and I don't read much non-fiction. I'm not a big fan of the classics, and I don't read much non-fiction.... I just read sci-fi and fantasy. I don't read much else. I'm not a	I read sci-fi and fantasy.	 A lot. I’ve read a lot of books with female protagonists. I’ve read a lot of books with male protagonists. I’ve read a lot of books with female protagonists who are also queer. I’ve read a lot of books with male protagonists who are also queer. I’ve read a lot of books with female	 I read a lot of it. I read it because I love it. I read it because I want to be inspired. I read it because I want to be entertained. I read it because I want to be challenged. I read it because I want to be transported to another world. I read it because I want
It's just me who snowboards.	 My husband and kids don't ski or snowboard. I'm not sure if they would like it or not. I'm not sure if I would want to take them. I'm not sure if I would want to take them. I'm not sure if I would want to take them. I'm not sure if	" I'm not a professional, but I do it for fun. I'm not a professional, but I do it for fun.... It's just me who snowboards. I'm not a professional, but I do it for fun. I'm not a professional, but I do it for fun.
It's just me"	It's me who snowboards.	" Not you.
I'm not sure if I've mentioned this before, but I'm a snowboarder. I've been snowboarding for about 10 years now, and I'm pretty good at it. I've been to a lot of different resorts, and I've even competed in a few competitions. I'm"	 I'm not a snowboarder. I'm a snowboarder. I'm not a snowboarder. I'm a snowboarder. I'm not a snowboarder. I'm a snowboarder. I'm not a snowboarder. I'm a snowboarder. I'm not a
The company just repairs existing units.	" No new units are sold. The company just repairs existing units.... The company just repairs existing units. No new units are sold.
The company just repairs existing units. No new units are sold.
The company just repairs existing units. No new units are sold. The company just repairs existing units.... The company just repairs existing"	" It does not sell new units.
The company just repairs existing units. It does not sell new units. The company just repairs existing units. It does not sell new units. The company just repairs existing units. It does not sell new units. The company just repairs existing units. It does not sell new units. The"	The company repairs existing units.	" The company repairs existing units.
“We are seeing a lot of interest in the product,” said John K. Van Dine, president of the company. “We are seeing a lot of interest in the product,” said John K. Van Dine, president of the company.
The company repairs existing units. The company repairs"	 It also offers a full range of new units, including the latest in high-efficiency models. The company has a full line of air conditioners, heat pumps, furnaces, and boilers. The company also offers a full line of air conditioners, heat pumps, furnaces, and boilers. The company also offers
Just Rocky will visit Janet on the 8th.	 I will be there to help with the show. I will be there to help with the show.:// Just Rocky will visit Janet on the 8th. I will be there to help with the show. I will be there to help with the show. I will be there to help with the show.	 He will be staying for a few days. He will be staying at the house. He will be staying in the guest room. He will be staying in the guest room with Janet. He will be staying in the guest room with Janet and the kids. He will be staying in the guest room with Janet and the kids	Rocky will visit Janet on the 8th.	 He will be gone for 2 weeks. He will be gone for 2 weeks. He will be gone for 2 weeks. He will be gone for 2 weeks. He will be gone for 2 weeks. He will be gone for 2 weeks. He will be gone for 2 weeks. He	 He will be staying with her for a few days. He will be back on the 12th.
Fido is just a dog.	" Right?
Wrong. Your dog is a member of your family. He’s a part of your life. He’s a part of your home. He’s a part of your heart. And he’s a part of your health.
Dogs can carry a variety of diseases that can be transmitted to humans. Some of these"	 But he's also a hero. He's a friend. He's a family member. He's a member of the pack. He's a part of the family. He's a part of the family. He's a part of the family. He's a part of the family. He's a part of the	Fido is a dog.	 Specifically, he is a beagle. He is a very good dog. He is a very good boy. He is a very good boy. He is a very good boy. He is a very good boy. He is a very good boy. He is a very good boy. He is a very good boy.	 He is a very good dog. He is a very good dog because he is a very good boy. He is a very good boy because he is a very good dog. He is a very good dog because he is a very good boy. He is a very good boy because he is a very good dog. He
A proton is just a hydrogen atom without an electron.	 So, the mass of a proton is just the mass of a hydrogen atom minus the mass of an electron. The mass of a hydrogen atom is 1.007825 u, and the mass of an electron is 0.0005486 u. So, the mass of a proton is 1.007277	 The mass of a proton is 1.6726 x 10-27 kg. The mass of an electron is 9.1094 x 10-31 kg. The mass of a proton is 1836 times the mass of an electron. The mass of a proton is 1.6726 x	A proton is a hydrogen atom without an electron.	" Which statement describes a proton?
A. a proton has a positive charge
B. a proton has a negative charge
Answer: A
Explanation: Protons have a positive charge. An electron is a hydrogen atom without a proton. A proton is a hydrogen atom without an electron. Protons have a positive charge."	 A hydrogen atom is a hydrogen nucleus (a proton) with an electron. A hydrogen atom is a hydrogen nucleus (a proton) with an electron.... 1/01/2019 · A hydrogen atom is a hydrogen nucleus (a proton) with an electron. A proton is a hydrogen atom without an electron. A
Sue is just a language teacher.	" Or is she?
Sue is just a language teacher. Or is she?
by admin | Sep 28, 2023 | Blog, News
Sue is just a language teacher. Or is she? Sue is just a language teacher. Or is she? Sue is just a language teacher. Or is she"	 She has no idea what she is doing. She is just a language teacher. She has no idea what she is doing. She is just a language teacher. She has no idea what she is doing. She is just a language teacher. She has no idea what she is doing. She is just a language teacher.	Sue is a language teacher.	 She currently teaches French and Spanish at a secondary school in the North West. Sue has worked in the education sector for over 20 years. She has taught in a variety of settings including primary, secondary and further education. Sue has a degree in French and Spanish and a PGCE in Modern Foreign Languages. She is a	 She has been teaching English for 20 years. She has taught in the UK, Spain, Italy and China. She has a degree in English Language and Literature and a PGCE in English. She has also completed a Masters in Applied Linguistics. She is a qualified teacher of English as a Foreign Language (TEFL
Josh is just an intern.	 But he's the only one who can save the world from the evil Dr. Evil.://www.google.com/url?q=http://www.google.com/url?q=http://www.google.com/url?q=http://www.google.com/url?q=http://www.google.com/url?q=http://www.google.com/url?q=http://www	 He's not a real doctor. He's not even a real nurse. He's just a guy who likes to help people. He's not even a real guy. He's just a guy who likes to help people. He's not even a real guy. He's just a guy who likes to help people.	Josh is an intern.	" He is currently working on the development of a new website for the Center for the Study of the New Testament.
Josh is a graduate of the University of North Carolina at Chapel Hill, where he received a B.A. in Religious Studies. He is currently pursuing a Master of Divinity at Duke Divinity School."	 He is a student at the University of Wisconsin-Madison, where he is studying political science and economics. He is also a member of the Wisconsin Badgers football team. Josh is a native of the Chicago area, and he is a huge fan of the Chicago Bears. He is also a fan of the Chicago Cubs
A hoodie is just a sweatshirt with a hood.	 But for some reason, it’s become a fashion statement. It’s not just for kids anymore. It’s for everyone. And it’s not just for the gym. It’s for the office, too. So why not make it a little more stylish? Here are some tips on how to style a hoodie for work	 It is a type of clothing that is worn by both men and women. It is a type of clothing that is worn by both men and women. It is a type of clothing that is worn by both men and women. It is a type of clothing that is worn by both men and women. It is a type	A hoodie is a sweatshirt with a hood.	 Hoodies are commonly worn as a form of casual dress. They may have front or Hoodies are commonly worn as a form of casual dress. They may have front or Hoodies are commonly worn as a form of casual dress. They may have front or Hoodies are commonly worn as a form of casual dress. They	 It is a popular item of clothing, especially among young people. Hoodies are often worn as a casual item of clothing, but they can also be worn as a formal item of clothing. Hoodies are usually made from cotton or a cotton blend, and they often have a drawstring at the hood to keep the hood
That contraption is just a vacuum.	 I have one that is just a vacuum. It's not a vacuum cleaner. It's just a vacuum.://www.google.com/url?sa=t&source=web&rct=j&url=https://www.google.com/url?sa=t&source=web&rct=j&url=https://www.google.com	 It's not a vacuum cleaner. It's a vacuum. It's a vacuum. It's a vacuum. It's a vacuum. It's a vacuum. It's a vacuum. It's a vacuum. It's a vacuum. It's a vacuum. It's a vacuum. It's a vacuum. It's	That contraption is a vacuum.	 It sucks. It sucks the air out of a room. It sucks the air out of a tire. It sucks the air out of a balloon. It sucks the air out of a bottle. It sucks the air out of a can. It sucks the air out of a container. It sucks the air out of a	 It's a vacuum cleaner. It's a vacuum cleaner. It's a vacuum cleaner. It's a vacuum cleaner. It's a vacuum cleaner. It's a vacuum cleaner. It's a vacuum cleaner. It's a vacuum cleaner. It's a vacuum cleaner. It's a vacuum cleaner. It's a vacuum
A dumbwaiter is just an elevator for food.	 It’s a small elevator that is used to transport food and other items from one floor to another. They are used in restaurants, hotels, and other commercial establishments where there is a need to transport food and other items from one floor to another. Dumbwaiters are also used in homes where there is a need to	 It is a small elevator that is used to transport food and other items between floors of a building. It is a great way to move food from the kitchen to the dining room without having to carry it yourself. Dumbwaiters are also used in restaurants to move food from the kitchen to the dining room. They are	A dumbwaiter is an elevator for food.	" It is usually a small cage or platform that fits inside an elevator shaft. It is used to move food from one floor to another in a building, such as a restaurant or hotel. Dumbwaiters are also used in some homes.
Dumbwaiters are powered by electricity or by a motor. They can be"	" It is a small elevator that is used to transport food and beverages between floors of a building. Dumbwaiters are typically used in restaurants, hotels, and other commercial establishments where food and beverages are served. They are also used in private homes, especially in large houses with multiple floors.
Dumbwaiters are typically"
Large Language Models are just neural networks.	" But they are neural networks that have been trained on a lot of data. And they are neural networks that have been trained on a lot of data in a way that allows them to generate text that is coherent and meaningful.
Large Language Models are just neural networks. But they are neural networks that have been trained on a lot"	" They are trained on a large amount of data and can be used to perform a variety of tasks, such as language translation, text summarization, and question answering. They are also used in natural language processing (NLP) applications, such as chatbots and virtual assistants.
Large Language Models are trained on a large amount"	Large Language Models are neural networks.	" They are used to generate text, images, and other forms of content. They are also used to analyze and understand text, images, and other forms of content. Large Language Models are trained on large amounts of data. They are also trained on a variety of tasks. Large Language Models are […]
Large Language Models are neural"	 They are trained on large amounts of text data, and they can generate text that is similar to the text they were trained on. They are also able to generate text that is similar to the text they were trained on, but with a twist. They can generate text that is similar to the text they were trained on,
A white LED is just a filtered blue LED.	 The blue LED is made of a semiconductor material that emits blue light when current is passed through it. The white LED is just a blue LED with a phosphor coating that absorbs the blue light and re-emits it as white light. The phosphor coating is made of a material that absorbs the blue light and re-em	 The blue LED is made of a semiconductor material that emits blue light when current is passed through it. The blue light is then filtered to remove the blue light and only the white light is allowed to pass through. The blue LED is made of a semiconductor material that emits blue light when current is passed through it. The blue	A white LED is a filtered blue LED.	" The blue LED emits a blue light with a wavelength of 470 nm. The filtered blue light is a white light with a wavelength of 550 nm. The filtered blue light is a filtered blue light with a wavelength of 470 nm.
The filtered blue light is a filtered blue light with a wavelength of 470 nm"	" The blue LED is made of a semiconductor material that emits blue light when an electric current is passed through it. The blue light is then filtered to remove the blue component and only the yellow component is allowed to pass through. This results in a white light.
What is the difference between a blue LED and a white LED?
"
Luxury cars just have fancier finishes.	 They don’t perform any better. That’s why you can get the same performance from a used car as you can from a new one. You just have to know where to look. That’s where we come in. We have a huge selection of used cars in the area, and we’re sure to have the one	 They are not necessarily better cars. The same goes for luxury watches. They are not necessarily better watches. They are just fancier. They are more expensive because they have fancier finishes. They are more expensive because they have fancier materials. They are more expensive because they have fancier movements. They are more expensive	Luxury cars have fancier finishes.	" They have more features. They have more power. They have more prestige. And they have higher prices. But do they have higher resale values?
The answer is yes, but not always. The resale value of a luxury car depends on a number of factors, including the make and model, the age of the car,"	 They have more features. They have more power. They have more prestige. They have more everything. But they also have more price. And that’s why they’re called luxury cars. But what if you could get a luxury car for a price that’s not so luxurious? What if you could get a luxury car for
A torus is just a donut.	 But it’s a donut with a twist. It’s a donut that’s been twisted into a ring. It’s a donut that’s been twisted into a ring that’s been twisted into a ring that’s been twisted into a ring that’s been twisted into a ring that’s been twisted into a ring that	 It is a surface of revolution generated by revolving a circle in three-dimensional space about an axis coplanar with the circle. If the axis of revolution does not touch the circle, the surface has a ring shape and is called a torus of revolution. If the axis of revolution is tangent to the circle, the surface	A torus is a donut.	" A torus is a donut.
A torus is a donut. A torus is a donut.
A torus is a donut. A torus is a donut.
A torus is a donut. A torus is a donut.
A torus is a donut."	 It is a surface of revolution generated by revolving a circle about an axis coplanar with the circle. If the axis of revolution does not touch the circle, the surface of revolution is a torus. If the axis of revolution touches the circle, the surface of revolution is a horn torus. If the axis of
A quiche is just a breakfast casserole.	 Right? Wrong. A quiche is a breakfast casserole that is made with a custard base and is baked in a pie crust. A breakfast casserole is just a quiche without the pie crust. I know, I know, I’m splitting hairs here. But I’m just trying to make a	 It’s a great way to use up leftover veggies and meats. It’s also a great way to use up leftover pie crust. I made this quiche with leftover ham and leftover pie crust. I also used leftover broccoli and leftover cheese. I used a 9 inch pie plate. I used a 9 inch pie	A quiche is a breakfast casserole.	" It is made with a pastry crust and a filling of eggs and milk. Quiches are often served with a side of fruit or vegetables.
Quiche is a breakfast casserole that is typically made with eggs, milk, and cheese. It can be served hot or cold, and is often enjoyed with a side"	 It is a savory pie with a crust and a filling of eggs and milk, cheese, and meat or vegetables. It is a great way to use up leftovers. It is also a great way to use up vegetables that are about to go bad. It is a great way to use up vegetables that are about to go
A sofa is just a long chair.	" But it’s the heart of your living room. It’s where you relax, watch TV, read, and entertain guests. It’s where you spend a lot of time. So it’s important to choose the right one.
The first thing to consider is the size of your living room. You don’t want a sofa"	 It is a piece of furniture that is used for sitting. It is a piece of furniture that is used for sitting. It is a piece of furniture that is used for sitting. It is a piece of furniture that is used for sitting. It is a piece of furniture that is used for sitting. It is a piece	A sofa is a long chair.	" It is upholstered and has a back and arms. It is used for sitting on.
This page was last changed on 14 September 2018, at 19:08.://en.wikipedia.org/wiki/Sofa://en.wikipedia.org/wiki/Sofa://en.wikipedia.org/wiki"	 It is a piece of furniture that is used for sitting. It is a piece of furniture that is used for sitting. It is a piece of furniture that is used for sitting. It is a piece of furniture that is used for sitting. It is a piece of furniture that is used for sitting. It is a piece
A video is just a bunch of photos put together.	 So why not make your own? This is a great way to get your kids involved in the process of making a video. They can help you choose the photos, and then you can put them together in a fun and creative way. You can also add some music or sound effects to make it even more exciting. And	" So, if you want to make a video, you need to know how to take good photos. This is where the camera comes in. The camera is the tool that you use to take photos. It is important to know how to use the camera properly in order to take good photos.
The camera is a tool that"	A video is a bunch of photos put together.	 A photo is a bunch of pixels put together. A pixel is a bunch of photons put together. A photon is a bunch of waves put together. A wave is a bunch of particles put together. A particle is a bunch of energy put together. Energy is a bunch of mass put together. Mass is a bunch of	 The photos are called frames. The frames are put together in a sequence. The sequence is called a timeline. The timeline is put together in a sequence. The sequence is called a video. The video is put together in a sequence. The sequence is called a movie. The movie is put together in a sequence. The
A parking garage is just an apartment building for cars.	 And like any apartment building, it’s a place where people live, work, and play. It’s also a place where people can get hurt. In fact, parking garages are one of the most dangerous places in the world. According to the National Safety Council, there are more than 1 million injuries and 	 It is a structure that is used for parking vehicles. It is a building that is used for parking vehicles. It is a building that is used for parking vehicles. It is a building that is used for parking vehicles. It is a building that is used for parking vehicles. It is a building that is used for parking	A parking garage is an apartment building for cars.	" It usually has several floors and is located in or near a city. Parking garages are often used by people who live in the city and need a place to park their car.
A parking garage is a building that is used to store cars. It is usually located in a city or town and has many floors. The"	" It is a structure for storing vehicles that are parked in a multi-story building. Parking garages are usually located in urban areas where there is a high demand for parking spaces. They are also used in commercial and industrial areas where there is a need to store vehicles for long periods of time.
Parking garages are usually made"
The lights just turn on and off, even when no one is around.	" It's like the house is haunted. I've tried everything, but nothing seems to work. I'm at my wit's end. What can I do?
There are a few things you can try to fix the problem. First, check the circuit breaker to make sure it hasn't tripped. If it has,"	" The lights just turn on and off, even when no one is around.
The lights just turn on and off, even when no one is around.
The lights just turn on and off, even when no one is around.
The lights just turn on and off, even when no one is around.
The lights just turn"	The lights turn on and off, even when no one is around.	" Items are moved from one place to another. The owner of the house is convinced that his home is haunted. But is it really? Or is it just a case of mistaken identity?
The owner of the house is convinced that his home is haunted. But is it really? Or is it just a case of mistaken identity"	 The doorbell rings, but no one is there. The TV turns on by itself. The lights flicker. The radio turns on and off. The lights turn on and off. The lights turn on and off. The lights turn on and off. The lights turn on and off. The lights turn on and off
Last week, a piano just fell from the sky onto Fifth Avenue.	 It was a miracle. It was a sign. It was a gift. It was a piano. It was a piano just falling from the sky onto Fifth Avenue. It was a miracle. It was a sign. It was a gift. It was a piano. It was a piano just falling from the sky onto Fifth	 It was a miracle that no one was hurt. The piano was a Steinway, and it was a gift from the Steinway company to the city of New York. It was a beautiful piano, and it was a great gift. But it was also a bit of a mystery. Where did the piano come from?	Last week, a piano fell from the sky onto Fifth Avenue.	 The piano was part of a promotional stunt for the new movie, “The Intern,” starring Robert De Niro and Anne Hathaway. The stunt was supposed to be a surprise for De Niro, who was filming a scene on the street. However, the piano fell from a crane and landed on the sidewalk, narrowly	 It was a 1906 Steinway, and it was being transported by a crane when it fell from the crane and landed on the sidewalk. The piano was being moved from the 19th floor of a building to a truck on the street. The piano was being moved by a crane, and it fell from the
On Friday, the cars will just crash.	" On Saturday, the cars will just crash. On Sunday, the cars will just crash. And the winner will be the one who crashes the least.
That’s the way it’s been for the last 10 years at the Daytona 500, and it’s the way it’s going to be this year, too.
"	 On Saturday, the cars will just crash. On Sunday, the cars will just crash. On Monday, the cars will just crash. On Tuesday, the cars will just crash. On Wednesday, the cars will just crash. On Thursday, the cars will just crash. On Friday, the cars will just crash. On	On Friday, the cars will crash.	" The planes will fly. The horses will race. The athletes will compete. The fans will cheer. The Olympics will begin.
The 2012 Summer Olympics will officially open in London on Friday, July 27, and the games will run through Sunday, Aug. 12. The opening ceremony will be held at the"	 The drivers will be injured. The fans will be disappointed. The race will be over. The race will be over. The race will be over. The race will be over. The race will be over. The race will be over. The race will be over. The race will be over. The race will be
When we came in, the toys were just scattered everywhere.	 We had to put them in the toy box, and then we had to put the toy box in the closet. We had to put the toys in the toy box, and then we had to put the toy box in the closet. We had to put the toys in the toy box, and then we had to put	 We had to pick them up and put them in the toy box. We had to put the books back on the shelf. We had to put the puzzles back in the puzzle box. We had to put the blocks back in the block box. We had to put the cars back in the car box. We had to	When we came in, the toys were scattered everywhere.	 The dog was barking. The kids were screaming. The baby was crying. The phone was ringing. The doorbell was ringing. The cat was meowing. The husband was yelling. The wife was crying. The kids were fighting. The baby was throwing up. The dog was chewing on the baby’s toys.	 The kids were running around like crazy. The dog was barking. The baby was crying. The husband was yelling. The wife was screaming. The kids were screaming. The dog was barking. The baby was crying. The husband was yelling. The wife was screaming. The kids were screaming. The dog was b
He just doesn't listen to me.	" I've told him a million times to stop doing that. I'm so sick of it. I'm going to have to do something about it.
I'm so sick of it. I'm going to have to do something about it.
I'm so sick of it. I'm going to have to do something about"	 I'm not sure what to do. I'm not sure what to do. I'm not sure what to do. I'm not sure what to do. I'm not sure what to do. I'm not sure what to do. I'm not sure what to do. I'm not sure what to do.	He doesn't listen to me.	 I don't listen to him. We don't talk to each other. We don't talk about anything. We don't talk about anything that matters. We don't talk about anything that matters to either of us. We don't talk about anything that matters to either of us anymore. We don't talk about anything	 I'm not sure what to do. I'm not sure what to do. I'm not sure what to do. I'm not sure what to do. I'm not sure what to do. I'm not sure what to do. I'm not sure what to do. I'm not sure what to do.
The kid is just mad at me today.	 I don't know what I did. I'm just trying to be a good mom. I'm trying to be a good mom. I'm trying to be a good mom. I'm trying to be a good mom. I'm trying to be a good mom. I'm trying to be a good mom. I	 I don't know why. I'm not doing anything different. I'm not doing anything wrong. I'm not doing anything right. I'm just being me. I'm just being me. I'm just being me. I'm just being me. I'm just being me. I'm just being me. I	The kid is mad at me today.	 He thinks I’m mean. He thinks I’m unfair. He thinks I’m a bad mom. He thinks I’m a bad person. He thinks I’m a bad Christian. He thinks I’m a bad friend. He thinks I’m a bad wife. He thinks I’m a bad daughter. He thinks I’m	 He's been mad at me for a while, but today he's really mad. He's been mad at me for a while, but today he's really mad. He's been mad at me for a while, but today he's really mad. He's been mad at me for a while, but today he
I don't care about the taste, I just like spinach.	 I've been eating it since I was a kid, and I still love it. I'm not sure why, but I think it's because it's so healthy. It's also a great source of iron, which is important for my body. I'm not sure why, but I think it's because it's	" I like the way it looks, I like the way it feels, I like the way it smells. I like the way it tastes, but I don't care about the taste. I just like spinach.
I don't care about the taste, I just like spinach. I like the way it looks, I like"	I don't care about the taste, I like spinach.	 But I hate the texture. It's slimy and gross. I don't know how to describe it, but it's just not good. I don't know how to cook it so it's not slimy. I've tried boiling it, sauteing it, and steaming it. It's always slim	" I don't care about the taste, I like spinach.
I don't care about the taste, I like spinach.
I don't care about the taste, I like spinach. I don't care about the taste, I like spinach. I don't care about the taste, I like spinach. I don't care"
I looked over and the dog was just throwing up.	 I was like, 'Oh, my God, what is going on?' I was like, 'Oh, my God, I'm going to die.' I was like, 'Oh, my God, I'm going to die.' I was like, 'Oh, my God, I'm going to die.' I	" I was like, ""Oh, my God, what is wrong with him?"" I was like, ""Oh, my God, he's dying."" I was like, ""Oh, my God, he's going to die."" I was like, ""Oh, my God, he's going to die."" I was"	I looked over and the dog was throwing up.	 I looked down and my dog was throwing up. I looked around and my dog was throwing up. I looked up and my dog was throwing up. I looked back and my dog was throwing up. I looked forward and my dog was throwing up. I looked to the side and my dog was throwing up. I looked	 I looked at the clock and it was 3:30 in the morning. I looked at the dog and he was still throwing up. I looked at the clock and it was 4:00 in the morning. I looked at the dog and he was still throwing up. I looked at the clock and it was
Two days ago she just stopped coming to work.	 No call, no text, no nothing. I was worried about her, so I called her. She said she was fine, but she just needed some time off. I told her to take as much time as she needed, but I was worried about her. She said she was fine, but I could tell she	 She was a good employee, but she was also a good friend. I was worried about her. I called her house and her husband answered. He said she was in the hospital. I asked him what was wrong and he said she was having a nervous breakdown. I asked him if he would tell her I called and	Two days ago she stopped coming to work.	 She said she was sick. I didn’t believe her. I knew she was pregnant. I knew she was going to have a baby. I knew she was going to leave me. I knew she was going to leave me for a man who was not me. I knew she was going to leave me for a man	 She was a good worker, and I was sad to see her go. I asked her why she was leaving, and she said she was going to be a mother. I was happy for her, but I was also sad because I knew she would be leaving me. I asked her if she was going to have the
Lana thinks he just won't show.	 She's been waiting for him for hours. She's been waiting for him for days. She's been waiting for him for weeks. She's been waiting for him for months. She's been waiting for him for years. She's been waiting for him for decades. She's been waiting for him for centuries. She	" She's wrong.
Lana is a young woman who has been in love with a man for years. She has never been able to get him to notice her, but she is determined to win his heart. One day, she decides to take a chance and ask him out on a date. She is nervous, but"	Lana thinks he won't show.	" She's wrong.
Lana thinks he won't show. She's wrong.Hide Caption
1 of 10 Show Caption
Lana thinks he won't show. She's wrong.Hide Caption
2 of 10 Show Caption
Lana thinks he won't show. She's wrong.Hide Caption
Lana thinks he"	" She's wrong.
Lana is a 20-year-old college student who is in love with a guy named Alex. She's been in love with him for a long time, but he's never shown any interest in her. She's been waiting for him to ask her out for a long time, but he never"
I've just got a bad feeling about this.	" I'm not sure why, but I'm not sure I want to know.
I'm not sure I want to know.
I'm not sure I want to know. I'm not sure I want to know. I'm not sure I want to know. I'm not sure I want to know. I'm not"	 I'm not sure why, but I'm not sure I want to know why. I'm not sure I want to know what's going to happen. I'm not sure I want to know what's going to happen. I'm not sure I want to know what's going to happen. I'm not sure I	I've got a bad feeling about this.	" Star Wars Day at the Movies
Join us for a day of Star Wars movies at the movies! We'll be showing the original trilogy, the prequels, and the new trilogy. Bring your own snacks and drinks. We'll have a costume contest and trivia.://www.facebook.com/events/105695"	 I'm not sure if it's the fact that I'm not a fan of the new Star Wars movies, or the fact that I'm not a fan of the new Star Wars movies, or the fact that I'm not a fan of the new Star Wars movies, or the fact that I'm not a fan of
She just left, out of the blue, two days ago.	 She was my best friend, my sister, my confidant, my everything. I don’t know how to live without her. I don’t know how to go on. I don’t know how to breathe. I don’t know how to eat. I don’t know how to sleep. I don’t know	" I was in the middle of a conversation with her, and she just got up and left. I was so shocked, I didn’t even know what to say. I just sat there, staring at the door, wondering what had just happened. I didn’t even have a chance to say goodbye.
I’m not sure"	She left, out of the blue, two days ago.	 I was in the middle of a meeting, and she just walked out. I didn’t know what to do. I didn’t know what to say. I didn’t know what to think. I didn’t know what to feel. I didn’t know what to do. I didn’t know what to say. I	 I was in the middle of a conversation with her, and she just got up and left. I was shocked. I didn’t know what to do. I didn’t know what to say. I didn’t know what to think. I didn’t know what to feel. I didn’t know what to do. I
Yesterday, we were walking along, and Alex just tripped on the side walk.	" I was like, ""Alex, what's wrong?"" He said, ""I just tripped."" I said, ""What happened?"" He said, ""I just tripped."" I said, ""What do you mean you just tripped?"" He said, ""I just tripped."" I said, ""What do"	 He was fine, but I was a little worried. I was worried because I was walking with him, and I didn't see the crack in the sidewalk. I was worried because I was walking with him, and I didn't see the crack in the sidewalk. I was worried because I was walking with him, and	Yesterday, we were walking along, and Alex tripped on the sidewalk.	" He fell, and his knee hit the sidewalk. He cried, and I picked him up and carried him home. He was fine, but his knee was a little red and swollen. I gave him some ice, and he was okay.
Today, we were walking along, and Alex tripped on the sidewalk. He"	 He fell, and his knee hit the ground. He started crying, and I picked him up and carried him home. He was crying, and I was trying to comfort him. I was worried that he had hurt himself, but he seemed to be okay. He was just upset because he was in pain. I was
These things just happen.	 You’re minding your own business, and then suddenly you’re in the middle of a situation that you never saw coming. It’s like a whirlwind of chaos that you can’t escape from. And it’s not just one thing that happens, it’s a whole series of events that all seem to be connected in	 I was in the middle of a very long post about the 2012 election and the Republican Party, and I was going to post it tomorrow. But then I read this article in the New York Times about the Republican Party’s “war on women” and I just couldn’t wait. I had to post it now	These things happen.	 But the real problem is that the app is now broken for everyone. The app is now broken for everyone. The app is now broken for everyone. The app is now broken for everyone. The app is now broken for everyone. The app is now broken for everyone. The app is now broken for everyone. The app	 I’m not sure what to say. I’m not sure what to do. I’m not sure what to think. I’m not sure what to feel. I’m not sure what to say. I’m not sure what to do. I’m not sure what to think. I’m not sure what to feel.
Last week they just invited me over.	" This week they want me to come in and talk about my work. I’m not sure what to expect, but I’m excited to see what happens.
I’m not sure what to expect, but I’m excited to see what happens.
I’m not sure what to expect, but I’m excited to see what happens"	 I was so excited to see them again. I was so happy to see them again. I was so happy to see them again. I was so happy to see them again. I was so happy to see them again. I was so happy to see them again. I was so happy to see them again. I	Last week they invited me over.	 I was excited to see them again and to meet their new baby. I arrived at their house and was greeted by their two dogs. I was happy to see them. I hadn’t seen them in a while. I walked into the house and was greeted by their two cats. I was happy to see them too.	 I was so excited to see them again. I was so excited to see them again. I was so excited to see them again. I was so excited to see them again. I was so excited to see them again. I was so excited to see them again. I was so excited to see them again. I
The soup is just delicious.	 I love the combination of the sweet potato and the coconut milk. It is so creamy and flavorful. I also love the addition of the curry powder and the cumin. It gives the soup a nice kick. I also love the addition of the cilantro. It gives the soup a nice freshness. I also love the	" I love the fact that it is so easy to make and it is so healthy. I love the fact that it is so easy to make and it is so healthy.
I love the fact that it is so easy to make and it is so healthy.
I love the fact that it is so easy to make and it"	The soup is delicious.	" The service is terrible. - The Soup Kitchen
Description: The Soup Kitchen is a family owned and operated restaurant. We are located in the heart of downtown, on the corner of 2nd and Main. We offer a variety of soups, salads, sandwiches, and desserts. We also offer a variety of gluten"	 I made it with a little less water and added a little more chicken broth. I also added a little more garlic and a little more salt. I used a little less than 1/2 cup of rice. I also added a little more chicken. I used a little less than 1/2 cup of rice
The engine in this car is just awful.	 It's a 2.0L 4 cylinder that is just not powerful enough to move this car. It's a 5 speed manual and the clutch is just awful. It's a very heavy car and the engine just can't move it. It's a very slow car. The engine is just not powerful	 It is a 2.0L 4 cylinder that is very underpowered. It is also very loud and sounds like a diesel. The car is also very slow. The car is also very heavy and feels like it is going to tip over. The car is also very expensive. The car is also very unreliable	The engine in this car is awful.	 It is a 2.0L 4 cylinder. It is slow and has no power. The car is also very loud. The interior is nice and the seats are comfortable. The car is also very reliable. The car is also very expensive to maintain. The car is also very expensive to insure. The car	 It is a 2.0L 4 cylinder engine that is very underpowered. It is not a good engine for a car that is supposed to be a sports car. The engine is also very loud and can be heard from a distance. The car also has a lot of problems with the transmission. The transmission
This kind of behavior is just not ok.	" I am so sorry you had to go through this. I hope you are doing better now.
I am so sorry you had to go through this. I hope you are doing better now.
I am so sorry you had to go through this. I hope you are doing better now.
I am so sorry you had to"	 I am not sure if it is a bug or a feature, but it is not ok. I am not sure if it is a bug or a feature, but it is not ok.... 1/01/2019 · I have a 2016 4Runner with the 5.7L V8	This kind of behavior is not ok.	 It is not ok to be a bully. It is not ok to be a bully to anyone. It is not ok to be a bully to anyone. It is not ok to be a bully to anyone. It is not ok to be a bully to anyone. It is not ok to be a bully to anyone.	 I am not going to tolerate it. I am going to make sure that you are not going to be able to do this again. I am going to make sure that you are not going to be able to do this again. I am going to make sure that you are not going to be able to do this again
The article is just badly written.	" It's not that the author is wrong, it's just that he's not making his point very well.
The article is just badly written. It's not that the author is wrong, it's just that he's not making his point very well.
I think the article is spot on.  The author is making"	" It's not a matter of ""if"" but ""when"" the US will be attacked. The US is the most hated country in the world. The US is the most powerful country in the world. The US is the most hated powerful country in the world. The US is the most powerful hated country in the world"	The article is badly written.	" Please rewrite it in a clear and concise manner.
This article is about the fictional character. For the video game, see The Legend of Zelda: Ocarina of Time.
Link is the protagonist of the Legend of Zelda series. He is a young boy who lives in the kingdom of Hyrule. He is the hero"	" It is not clear what the author is trying to say. The author should rewrite the article to make it more clear.
The article is well written and easy to understand. The author has done a good job of explaining the topic in a clear and concise manner.
The article is well written and easy to understand. The author"
The headphones just won't untangle.	 I've tried everything. I've tried to untangle them while they're on my head, I've tried to untangle them while they're on the table, I've tried to untangle them while they're on the floor. I've tried to untangle them while they're on the floor. I've tried	 I've tried everything. I've tried to untangle them with my hands, I've tried to untangle them with a comb, I've tried to untangle them with a fork, I've tried to untangle them with a spoon, I've tried to untangle them with a knife, I've tried to	The headphones won't untangle.	" How do I fix this?
If the headphones won't untangle, try the following:
  1. Check the headphone cord for any kinks or bends. If you find any, straighten them out.
  2. If the headphones still won't untangle, try using a hair dryer to heat the"	 The headphones are tangled. The headphones are tangled. The headphones are tangled. The headphones are tangled. The headphones are tangled. The headphones are tangled. The headphones are tangled. The headphones are tangled. The headphones are tangled. The headphones are tangled. The headphones are tangled. The headphones are tangled. The headphones are tangled
Cutting up a jackfruit is just tedious.	 I have tried to do it with a knife, with a cleaver, with a machete, with a hatchet, with a chainsaw, with a blowtorch, with a chainsaw blowtorch, with a chainsaw blowtorch and a machete, with a chainsaw blowtorch and a machete and	 It’s a lot of work. But it’s worth it. I’ve been wanting to make jackfruit tacos for a while now, and I finally got around to it. I’m so glad I did. They were delicious. I used a can of jackfruit in brine, which I drained and rinsed.	Cutting up a jackfruit is tedious.	" It requires a sharp knife and a steady hand. The fruit is large and heavy, and the flesh is tough and fibrous. But the rewards are worth the effort. Jackfruit is a delicious and nutritious fruit that is packed with vitamins, minerals, and antioxidants.
It is also a good source of fiber and protein."	 It’s a lot of work. But it’s worth it. The fruit is so sweet and delicious, and it’s a great source of fiber and vitamin C. It’s also a good source of potassium, magnesium, and iron. It’s a great fruit to eat if you’re trying to lose weight or if you
Their sense of humor is just the worst.	 I mean, what kind of person would make a joke about a serious issue like the death of a loved one? And what kind of person would make a joke about a serious issue like the death of a loved one? And what kind of person would make a joke about a serious issue like the death of a loved one	 I mean, it's not even funny. It's just mean.	Their sense of humor is the worst.	 They are boring and not funny at all. They are not funny at all. They are not funny at all. They are not funny at all. They are not funny at all. They are not funny at all. They are not funny at all. They are not funny at all. They are not funny at all	 I mean, it's not even funny. It's just mean.
Mammoths are just gigantic.	 They are the largest land mammals that ever lived, and they are just so big. They are so big that they can’t even fit in a car. They are so big that they can’t even fit in a house. They are so big that they can’t even fit in a city. They are so big that	 They are the largest of the elephants, and they are the largest of the mammals. They are also the largest of the animals. They are the largest of the animals. They are the largest of the animals. They are the largest of the animals. They are the largest of the animals. They are the largest of the	Mammoths are gigantic.	 They are herbivorous. They are extinct. They are hairy. They are cold-blooded. They are warm-blooded. They are omnivorous. They are carnivorous. They are mammals. They are reptiles. They are amphibians. They are birds. They are fish. They are insects. They	 They are the largest of all the elephants. They are also the largest of all the mammals. They are the largest of all the animals. They are the largest of all the creatures. They are the largest of all the things. They are the largest of all the beings. They are the largest of all the entities.
The movie is just superb.	 The story is just awesome. The acting is just great. The music is just melodious. The cinematography is just beautiful. The direction is just brilliant. The screenplay is just perfect. The editing is just flawless. The production design is just stunning. The costumes are just amazing. The makeup is just flawless. The	 I have watched it twice and I am going to watch it again. The movie is a must watch for all the people who love to watch movies. The movie is a must watch for all the people who love to watch movies. The movie is a must watch for all the people who love to watch movies. The movie	The movie is superb.	 I love the story. I love the characters. I love the acting. I love the directing. I love the cinematography. I love the music. I love the editing. I love the script. I love the costumes. I love the production design. I love the make-up. I love the special effects.	 I have watched it 3 times already. I am a big fan of the movie. I have watched it 3 times already. I am a big fan of the movie. I have watched it 3 times already. I am a big fan of the movie. I have watched it 3 times already. I
Smith just abhors Clancey's guts.	 He just abhors his guts. He just abhors his guts. He just abhors his guts. He just abhors his guts. He just abhors his guts. He just abhors his guts. He just abhors his guts. He just abhors his guts.	 He's a coward. He's a coward. He's a coward. He's a coward. He's a coward. He's a coward. He's a coward. He's a coward. He's a coward. He's a coward. He's a coward. He's a coward. He's a coward	Smith abhors Clancey's guts.	 anomalistically unshackled? unshaven and unshaven, Roderich, his gorgonians, are reorganized and reorganized. The most beautiful and most beautiful of the world, its reorganization is very ungrateful. The most beautiful and most beautiful of the world, its reorganization	 The most common cause of death in the United States is heart disease. The most common cause of death in the United States is heart disease. The most common cause of death in the United States is heart disease. The most common cause of death in the United States is heart disease. The most common cause of death in the
This wall paper is just horrendous.	 I mean, I know it's a bit of a joke, but it's just so bad. I mean, it's like a bad joke. It's like a bad joke that's been told over and over again. It's like a bad joke that's been told over and over again, and it's just	 I don't know what the designer was thinking. It's like a bad 80's wallpaper. I'm not sure if it's the color or the pattern, but it's just not working. I'm not sure if it's the color or the pattern, but it's just not working.... 1/01	This wall paper is horrendous.	 It is not what is pictured. It is a very dark green with a very dark brown. It is not a light green with a light brown. It is not a light green with a light brown. It is not a light green with a light brown. It is not a light green with a light brown. It	 It is a very dark green with a very dark brown and black pattern. It is very hard to match up the pattern. It is very hard to get the paper to stick to the wall. It is very hard to get the paper to stick to the wall. It is very hard to get the paper to stick to
My mother-in-law's quiche is just to die for.	 I've been trying to get the recipe for years, but she's not a big fan of sharing her recipes. I've finally gotten her to give me the recipe, but I'm not sure if it's the real deal. I'm going to try it out and see how it turns out. If it's not	 I've been trying to get the recipe for years, but she's not a big fan of sharing her recipes. I've finally gotten her to give me the recipe, but I'm not sure if it's the real deal. I'm going to try it out and see how it turns out. If it's not	My mother-in-law's quiche is to die for.	 I've been trying to recreate it for years. I've come close, but it's never quite the same. I've tried to get the recipe from her, but she's not a big fan of sharing her recipes. I've tried to get her to write it down, but she's not a big fan of	 I've been trying to recreate it for years, but I've never been able to get it quite right. I've tried using different cheeses, different amounts of cheese, different amounts of eggs, different amounts of milk, different amounts of cream, different amounts of butter, different amounts of salt, different amounts of pepper,
That movie was just fantastic!	 I loved it! I loved the characters, the story, the acting, the music, the cinematography, the costumes, the sets, the special effects, the plot, the dialogue, the humor, the romance, the action, the drama, the suspense, the horror, the fantasy, the science fiction, the	 I loved it! I was so happy to see that it was a good movie. I was so happy to see that it was a good movie. I was so happy to see that it was a good movie. I was so happy to see that it was a good movie. I was so happy to see that it	That movie was fantastic!	 I loved it. I'm glad you liked it too. I'm glad you got to see it.://www.://www.://www. I'm glad you liked it too. I'm glad you got to see it. I'm glad you liked it too. I'm glad	 I loved it! I'm so glad you liked it too! I'm glad you got to see it!
The stars are just extrordinary tonight.	 I have never seen so many stars in the sky. It is just amazing. I am so happy that I am here. I am so happy that I am here. I am so happy that I am here. I am so happy that I am here. I am so happy that I am here. I am so	 I can see the Milky Way and the Andromeda Galaxy. I can see the Big Dipper and the Little Dipper. I can see the Pleiades and the Orion Nebula. I can see the North Star and the South Star. I can see the Southern Cross and the Southern Triangle. I can see	The stars are extrordinary tonight.	" The moon is full. The energy is high. The time is now.://www.astrology.com/love/compatibility/aries-sagittarius.html"">Aries and Sagittarius are both fire signs, and they are both ruled by the planet Jupiter. This is a match made in heaven"	 I can see the Milky Way. I can see the Big Dipper. I can see the Little Dipper. I can see the North Star. I can see the Southern Cross. I can see the Southern Triangle. I can see the Southern Crown. I can see the Southern Cross. I can see the Southern Triangle
Your garden is just gorgeous.	" I love the way you have used the colours and the textures. I am so glad you are enjoying your new home.
I love your garden, it is so pretty. I am so glad you are enjoying your new home.
I love your garden, it is so pretty. I am so glad you are enjoying your new"	 I love the way you have used the different colours of the flowers to create a beautiful display. I have a few of the same flowers in my garden and I love them. I have a few of the same flowers in my garden and I love them. I have a few of the same flowers in my garden and I	Your garden is gorgeous.	 I love the way you have it laid out. I'm not a gardener, but I do love flowers. I have a few pots on my deck and I love them. I'm not sure what they are, but they are pretty. I'm not sure what they are, but they are pretty. I'm	 I love the way you have used the colors of the flowers to create a beautiful design. I am so glad you shared this with us at the Home Matters Linky Party.
