Unnamed: 0	id	word	word sense	context	w_word	wo_word	followup
3	148	only		I come home for lunch.__eou__How long have you got?	Only 1 hour.	1 hour.	Okay, I'll make you some food.
4	161	only		Do you mind if I get a lift in your car, please?	I don’t see any problem; only the car is a bit old.	I don’t see any problem; the car is a bit old.	Oh you’re so kind!
12	315	only		Excuse me, could you tell me how much is the lipstick?	It costs only 25 yuan.	It costs 25 yuan.	Oh, it's too expensive. Can't you make it any cheaper?
25	491	only		Excuse me. Can you tell me where the Wal-Mart supermarket is?__eou__Turn right at the second crossing and then go straight for two blocks.__eou__Is it far from here?	No, it’s only ten-minute's walk.	No, it’s ten-minute's walk.	Thanks a lot.
26	501	only		Would you like to mail it by air or sea?__eou__Hmm ... How long will it take to mail things to the USA by air?	About 10 days. You can send it express mail if you need it faster. It will only take three or four days.	About 10 days. You can send it express mail if you need it faster. It will take three or four days.	I want to send it by express mail. The faster, the better.
41	649	only		Well, what about this two-bedroom apartment? The listing says it's right in the heart of the city, just steps from the metro.__eou__Wow, that would be very convenient. How much is the rent?	It says it's $ 1600. But if you share it with another person, that's only $ 800 per month.	It says it's $ 1600. But if you share it with another person, that's $ 800 per month.	That definitely sounds like a steal. I think that is a very trendy neighborhood as well.
42	659	only		Mmmm ... This apartment seems a little expensive. Do you have any cheap studios?	Actually, the one-bedroom is the only vacant apartment right now.	Actually, the one-bedroom is the vacant apartment right now.	Do you think any studios will open up soon?
43	660	only		What kind of lease is it?__eou__It's a one-year lease.	Can I have a month-to-month lease? I only want to rent the apartment for five months.	Can I have a month-to-month lease? I want to rent the apartment for five months.	No, all the leases are for one year. We don't have month-to-month leases.
44	666	only		What's the problem, sir?	I bought this toy gun from your store two weeks ago. My son played with it only twice and it broke.	I bought this toy gun from your store two weeks ago. My son played with it twice and it broke.	Do you keep the receipt?
49	687	only		Excuse me. Could you tell me the way to the Star Hotel?__eou__Yes. Go down the main road. You can't miss it.__eou__How long will it take me to get there?	It's only about a five-minute walk.	It's about a five-minute walk.	Thank you very much.
54	745	only		Good morning, I want to send this parcel to Taiwan.__eou__Airmail or surface mail?__eou__How long would surface mail take, compared with airmail?	Oh, anything up to 3 or 4 months for surface mail. It depends on the sailing of the ships. Airmail would only take 1 to 2 weeks.	Oh, anything up to 3 or 4 months for surface mail. It depends on the sailing of the ships. Airmail would take 1 to 2 weeks.	How much would this parcel cost me by airmail?
55	794	only		Can I have the window seat over there?__eou__Sorry, sir. That table has been booked.	Well, in that case, this table is the only choice.	Well, in that case, this table is the choice.	Actually you can have a window seat if you don't mind a ten-minute wait.
56	797	only		Good evening, may I help you?__eou__I would like to book a table for six tonight.	Sorry, sir. We have only double tables left.	Sorry, sir. We have double tables left.	What a pity. Can you recommend a nice restaurant near here?
58	871	only		Tom, how do you think of second-hand goods?__eou__Why did you ask that? Do you want to buy the used goods?__eou__I'm considering buying a second-hand computer for I'm short of money now.	You know the car I'm driving, which is still in good condition though it is second-hand. And it only cost me 300 dollars. It was so cheap.	You know the car I'm driving, which is still in good condition though it is second-hand. And it cost me 300 dollars. It was so cheap.	But do you really mean that the second - hand goods are just as good as the new ones?
59	876	only		I like Chinese food.__eou__I like Chinese food, too. I like dumplings best.__eou__At school, we sometimes have Chinese food for lunch.	That's good. We eat Chinese food only at the Chinese restaurant.	That's good. We eat Chinese food at the Chinese restaurant.	My mother can make some Chinese food.
61	915	only		Steven, we are preparing a martial arts show for the New Year's party. Would you like to join us?	I'd love to! But I have never learned martial arts, and there is only a month left before the New Year.	I'd love to! But I have never learned martial arts, and there is a month left before the New Year.	That's OK. A month is enough for you to learn the basic movements. It would be great to have you with us on the show.
65	951	only		Have you got any outdoor interests?	Yes. My only recreation is skateboarding.	Yes. My recreation is skateboarding.	Oh, I know it. It is included in extreme sports. I think it's too dangerous for me.
66	965	only		Excuse me, where is the Beijing Railway Station?__eou__You can take the subway to get there.__eou__How long will it take to get there?	It takes only ten minutes.	It takes ten minutes.	May I take a bus or a taxi to get there?
67	966	only		Excuse me, can you tell me where Main Street is?__eou__Turn left at the second light and then go straight for two blocks.__eou__Is it far?	No. It's only a five-minute walk. You can't miss it.	No. It's a five-minute walk. You can't miss it.	Thanks a lot.
68	987	only		Where do these flower vases come from?__eou__They are made a town nearby. The flower vases are made of porcelain and covered with tiny bamboo sticks.__eou__Are they breakable?	No. They are not only ornamental, but also useful.	No. They are not ornamental, but also useful.	No wonder it's so expensive.
73	1010	only		In 1986, a New Zealander Hackett popularized Bungee as a commercialized sport of mass entertainment. This sport is very challenging. It is a test of people's psychological ability of endurance. Especially when descending, as if they are watching a fast forward tape and when they bounce back, they sway around. The timid people will shrink back at the sight of it. Even if they jump off, they find it hard to avoid screaming with closed eyes. No wonder people give the title' brave' to anyone who jumps off.__eou__You see, the bungee participants take a deep breath when they stand at the starting spot and then, like diving, their heads are over heels and they jump off into the realm of the combination of heaven and earth. The wind roars at their ears and their bodies rapidly descend. They do not even have enough time to do several gymnastic movements and they are rebounded to the upper air by the cord.__eou__Entrusting life to the care of a rope indeed requires infinite courage.	"A young French fellow recalled his first bungee experience and said, "" When I fastened the cord and walked to the platform, I was extremely nervous. When I looked down, I was nervous even more. If the cord had broken, I would be knocked to' bakemeat'. However, I knew my worries were unwanted. I was afraid if I retreated others might say something about me. I had to harden my heart and impose my head downward. I only felt wind wiring at my ears. My body rapidly descended. I thought that after only seven or eight seconds I was rebounded to upper air by the cord. In fact it was 30 seconds. Maybe because of my nervousness, I only felt seven or eight seconds. When rebounding to the high altitude, I felt a sudden sense of relief. I did not feel nervous very much, but very comfortable. """	"A young French fellow recalled his first bungee experience and said, "" When I fastened the cord and walked to the platform, I was extremely nervous. When I looked down, I was nervous even more. If the cord had broken, I would be knocked to' bakemeat'. However, I knew my worries were unwanted. I was afraid if I retreated others might say something about me. I had to harden my heart and impose my head downward. I felt wind wiring at my ears. My body rapidly descended. I thought that after seven or eight seconds I was rebounded to upper air by the cord. In fact it was 30 seconds. Maybe because of my nervousness, I felt seven or eight seconds. When rebounding to the high altitude, I felt a sudden sense of relief. I did not feel nervous very much, but very comfortable. """	It is hard to come by in life that you experience this kind of' comfortable'
75	1038	only		Can I order take-out here?	We only have spring rolls today for take-out.	We have spring rolls today for take-out.	Then could I have four orders, please?
79	1099	only		How long is the warranty?__eou__We guarantee our product for two years.__eou__How about the repairs after the warranty expire? Are you responsible for the fixing if the machine breaks down after the warranty period?	Yes. All repairs are billed at cost. We'll only bill you for parts. The on-site service is $ 300 a year after the warranty.	Yes. All repairs are billed at cost. We'll bill you for parts. The on-site service is $ 300 a year after the warranty.	Will you supply spare parts if we want them?
84	1142	only		Look! Allen has the mic!	I thought he only liked to listen!	I thought he liked to listen!	That was before he heard Stanley sing! I guess he couldn't stand it any more, so he decided to give it a try himself!
91	1272	only		Excuse me, but can you tell me the way to the Today Mall?__eou__Yes, go down the fifth street. You won't miss it.__eou__How long will it take me to get there?	It's only about 10 minutes' walk.	It's about 10 minutes' walk.	Thank you very much.
99	1368	only		Excuse me. How much is the chocolate bar?__eou__One dollar.__eou__So, I can have five for five dollars?	Actually, you can only have four.	Actually, you can have four.	Oh, yeah. I forgot tax. Give me four then, please.
102	1446	only		Excuse me. Have you got the time?__eou__My watch says half past five.__eou__Does your watch keep good time?	Oh yeah. It loses only a few seconds in the whole month.	Oh yeah. It loses a few seconds in the whole month.	Thanks a lot.
106	1492	only		Now I'm sure we'll never get all our things back. They're so clever these criminals. What's the point of collecting beautiful things for other people to steal?	I only wish it were this time yesterday.	I wish it were this time yesterday.	Think how happy we were. Now this.Things always go wrong.
107	1493	only		Jane! What an enchanting skirt you have on!__eou__Thank you! Guess how much it costs.__eou__Bright colors, smooth material, exquisite craftsmanship, soft lines ... Darling, it looks elegant on you! It can't be any cheap stuff. Something around two hundred, I guess.	Your offer is way off the mark. It set me back only sixty-five.	Your offer is way off the mark. It set me back sixty-five.	Then you got a windfall! Was sixty-five the original price, or did you get a special discount?
111	1538	only		Excuse me. Would you tell me where The People's Park is?__eou__The People's Park is located on Nanjing Road, near Limbo road, just on the opposite side of the International Hotel.__eou__How long will it take me to get there?	Only about twenty minutes.	About twenty minutes.	I'm not going in the wrong direction, am I?
113	1553	only		Our housing problem is a highly complicated issue.__eou__It is true. I think we should change some policies.__eou__Right. Like our LPF program. The mortgage size is linked with the amount of savings households have accumulated on their LPF accounts.	Indeed, it's unfair. Households with higher salaries receive larger LPF contributions and thus qualify for larger loans. Lower-income households, on the other hand, can only get smaller loans, or perhaps nothing if they could not afford to purchase any housing.	Indeed, it's unfair. Households with higher salaries receive larger LPF contributions and thus qualify for larger loans. Lower-income households, on the other hand, can get smaller loans, or perhaps nothing if they could not afford to purchase any housing.	Like you and me!
116	1562	only		Did you watch the finale last night? My favorite singer won!	Oh, I love him too. He not only sings well but shows perseverance when he encounters difficulties in the contest.	Oh, I love him too. He not sings well but shows perseverance when he encounters difficulties in the contest.	Yeah, he got booted after his initial performance in the audition, but he did not give up. He then tried at another two auditions.
118	1577	only		Excuse me, can you tell me where central Park Street is?__eou__Turn right at the third light and then go straight for two blocks.__eou__Is it far?	No. It's only a ten-minute walk.	No. It's a ten-minute walk.	I see. Thanks a lot.
119	1579	only		Excuse me, how do I get to the Forbidden City?__eou__Follow this road and turn right at the second intersection. It'll be right there.__eou__Is it far?	No, it should only take you about 15 minutes by foot.	No, it should take you about 15 minutes by foot.	Thank you.
124	1602	only		How is your house hunting going?__eou__Not very well. I haven’t found anything within my price range yet.__eou__How much are you looking to spend?	I can only afford about 300 pounds a month.	I can afford about 300 pounds a month.	Looks like you’re not going to get more than a bedroom in a shared flat with that.
126	1624	only		Hi, I want to check out.__eou__Okay. Come with me.__eou__Can I pay by a credit card?	Sorry, you can only pay cash.	Sorry, you can pay cash.	OK. Here is the money.
130	1706	only		You see, the bungee participants take a deep breath when they stand at the starting spot and then, like diving, their heads are over heels and they jump off into the realm of the combination of heaven and earth The wind roars at their ears and their bodies rapidly descend. They do not even have enough time to do several gymnastic movements and they are rebounded to the upper air by the cord.__eou__Entrusting life to the care of a rope indeed requires infinite courage.	A young French fellow recalled his first bungee experience and said, When I fastened the cord and walked to the platform, I was extremely nervous. When I looked down, I was nervous even more.If the cord had broken, I would be knocked to bake meat. However, I knew my worries were unwanted. I was afraid if I retreated others might say something about me. I had to harden my heart and impose my head downward. I only felt wind wiring at my ears. My body rapidly descended. I thought that after only seven or eight seconds I was rebounded to upper air by the cord. In fact it was 30 seconds. Maybe because of my nervousness, I only felt seven or eight seconds. When rebounding to the high altitude, I felt a sudden sense of relief. I did not feel nervous very much, but very comfortable.	A young French fellow recalled his first bungee experience and said, When I fastened the cord and walked to the platform, I was extremely nervous. When I looked down, I was nervous even more.If the cord had broken, I would be knocked to bake meat. However, I knew my worries were unwanted. I was afraid if I retreated others might say something about me. I had to harden my heart and impose my head downward. I felt wind wiring at my ears. My body rapidly descended. I thought that after seven or eight seconds I was rebounded to upper air by the cord. In fact it was 30 seconds. Maybe because of my nervousness, I felt seven or eight seconds. When rebounding to the high altitude, I felt a sudden sense of relief. I did not feel nervous very much, but very comfortable.	It is hard to come by in life that you experience this kind of comfortable!
132	1817	only		What’s the matter, dear?__eou__Something awful happened. We went to the Portobello Road, and someone stole my handbag.__eou__Oh, dear. Did you lose a lot of money?	No. Only a few pounds. But my passport was in the bag. That’what I’m really worried about.	No. A few pounds. But my passport was in the bag. That’what I’m really worried about.	You must tell your embassy about it. And I think they’ll issue you with a new one.
138	1888	only		Ahh ... What a fine day! I do feel like an outdoor exercise.__eou__How about taking a walk in the park?__eou__OK.It' s delightful to have a walk in the park with the air so fresh.	( After they enter the park ) Oh, it's so quiet here.We have the park to ourselves, only you and me!	( After they enter the park ) Oh, it's so quiet here.We have the park to ourselves, you and me!	Don't you see many people over there? Just on your left.
139	1891	only		I work so hard that I do not have the energy to exercise.__eou__That is just an excuse. You can always find some time to exercise.__eou__But I work hard all the time for long hours. Often I have no time for lunch. Yet, I am still getting fatter.	Bill, you know that work is not the same as exercise as it is stressful but not relaxing. And skipping meals will not help you lose weight.In fact your body will only store fat if you miss meals.	Bill, you know that work is not the same as exercise as it is stressful but not relaxing. And skipping meals will not help you lose weight.In fact your body will store fat if you miss meals.	I know you're right, but what can I do?
140	1895	only		Hello. This is the Stewart Resident.__eou__Hello. Is Mr. Stewart there?__eou__This is Mr. Stewart. Who’s this?	I’m calling from Bell Canada. We are currently offering a great deal on long distance calling, only $ 17 a month. With this plan you get 500 minutes of long distance calls each month without any additional charges.	I’m calling from Bell Canada. We are currently offering a great deal on long distance calling, $ 17 a month. With this plan you get 500 minutes of long distance calls each month without any additional charges.	I’m sorry. I’m not interested in it.
144	1938	only		What’s the matter, dear?__eou__Something awful happened. We went to the Portobello Road, and someone stole my handbag.__eou__Oh, dear. Did you lose a lot of money?	No. Only a few pounds. But my passport was in the bag. That’what I’m really worry about.	No. A few pounds. But my passport was in the bag. That’what I’m really worry about.	You must tell the embassy about it. And I think they’ll issue you with a new one.
146	1967	only		They must have got in through the kitchen window.	If only we'd remember to close it.	If we'd remember to close it.	I am afraid your diamond bracelet has gone, darling!
149	1997	only		Excuse me, please.Could you tell me how to get to the No. 10 Middle School?__eou__Walk down this road, take the fourth turn to the right.Then you'll see it.__eou__Is it far from here to there?	No. It's only about five minutes' walk.	No. It's about five minutes' walk.	Many thanks!
151	2005	only		Michael, it is time to wake up.__eou__Huh?	Yes, it is time to wake up. And, also, from now on I will speak only English to you. And you should speak only English to me, too.	Yes, it is time to wake up. And, also, from now on I will speak English to you. And you should speak English to me, too.	Okay, mom.
154	2032	only		You should not have criticize your son in front of his friends.__eou__Why? He did something wrong.__eou__I know. But at that time your blame is rubbing salt into his wounds.	I only wanted to help him.	I wanted to help him.	But it is not the right time.
155	2038	only		Dad, can you buy a new camera? My old one has gone west.	What? I gave it to you only 3 months ago.	What? I gave it to you 3 months ago.	So, you didn’t buy a good one for me. This time how about a better one?
157	2067	only		Paul, you were also a parent of young kids before. So, can you tell me what you did when your kids didn’t behave very well?	I know Mark is your only child. You may do it differently from what I did. Sometimes I would tap their hands when they made troubles.	I know Mark is your child. You may do it differently from what I did. Sometimes I would tap their hands when they made troubles.	I do it, too. You know, sometimes when we eat, my child would pull a dish towards him and grab it with his hands and eat. And if it were something he doesn’t like, he would spit it out and throw it into other dishes. He does it very often. I really get mad. I can’t help spank him sometimes.
165	2102	only		Daniel, have you finished your homework?	Not yet, Dad. I am watching Ultraman instead.No, no, Dad. Please. This program is on only once a week.	Not yet, Dad. I am watching Ultraman instead.No, no, Dad. Please. This program is on once a week.	Daniel, as a matter of fact, TV is bad for your health.
166	2118	only		Hello, may I help you?__eou__Yes, I'd like to have this parcel delivered to Shanghai.	Oh, we only take care of mail. For parcels, you can go to the next window.	Oh, we take care of mail. For parcels, you can go to the next window.	Thanks! ... Hello, I have a parcel to deliver.
175	2183	only		Daniel, here is some money for the tickets.__eou__OK, it's my pleasure. How many tickets?__eou__Oh, like a gentleman. Two tickets for two people.	But I am only half a person as you and they charge both of us the same price tickets.	But I am half a person as you and they charge both of us the same price tickets.	They may unless we get a half-price ticket for you.
181	2232	only		I'm here to conduct the annual census of foreigners living in Beijing. This is my service ID card.__eou__OK. What do you want to know?	We only need to verify your information against our records.	We need to verify your information against our records.	OK.
187	2264	only		Welcome back racing fans! My name is Rick Fields and, as always, I am joined by my partner in crime, Bob Copeland.	We’re in the last stretch of this very exciting race, and Kimmi Rikknen is leading the pack with only four laps to go! They are heading to turn three and Lewis Hamilton tries to pass Rikknen! It’s a close one and, oh no! Hamilton hits the wall!	We’re in the last stretch of this very exciting race, and Kimmi Rikknen is leading the pack with four laps to go! They are heading to turn three and Lewis Hamilton tries to pass Rikknen! It’s a close one and, oh no! Hamilton hits the wall!	He came in too fast, jammed on the breaks and spun out. We have a yellow flag and the pace car is making its way onto the track.
190	2283	only		They must have got in through the kitchen window.	If only we'd remember to close it.	If we'd remember to close it.	I am afraid your diamond bracelet has gone, darling!
191	2289	only		I’m sorry, dad. But you can’t do that. It’s for me to decide.	Oh, I see. You’Ve already decided, have you? Now, you listen to me, you’re only 19.	Oh, I see. You’Ve already decided, have you? Now, you listen to me, you’re 19.	I didn’t say I’d already decided, dad. I said it was for me to decide. There is a difference.
194	2333	only		Good morning. Do I need an appointment?	No, ma'am, there's only one person ahead of you. You won't have to wait long.	No, ma'am, there's one person ahead of you. You won't have to wait long.	Thank you.
201	2402	only		Then I'll have to borrow it.	Sure you can. But I'm only gonna keep it for a month.	Sure you can. But I'm gonna keep it for a month.	Why? It's in mint condition!
202	2405	only		So the apartment comes unfurnished?__eou__This one is. I have another one that's furnished, but I'm not sure you'll like the furniture.__eou__We have tons of furniture. What we need are air conditioners.	This building is only four years old. It was built with central air.	This building is four years old. It was built with central air.	Just like in the States! That's perfect!
209	2454	only		You want to go get a facial with me today?	Dude, what are you talking about? Only girls do that.	Dude, what are you talking about? Girls do that.	Not at all, guys also get facials, manicures and pedicures. There is nothing wrong with looking after your skin and looking good.
210	2464	only		I am really interested in buying this television.__eou__That's so great!__eou__How much are you selling it for?	This t. v is only $ 2500.	This t. v is $ 2500.	You can't be serious.
211	2470	only		Hi, I would like to purchase a one way ticket to Brussels, please.__eou__Certainly sir, this is our train schedule. We have an express train departing every morning and an overnight train that departs at nine pm.__eou__How long does it take to get there?	About twelve hours. We currently have tickets available only for first class on the express train. If you’d like, you can choose a sleeper on the overnight train which is a bit less expensive.	About twelve hours. We currently have tickets available for first class on the express train. If you’d like, you can choose a sleeper on the overnight train which is a bit less expensive.	Yeah, I think that is the best option. Do you serve food on the train? Twelve hours is such a long time!
218	2504	only		Those are the headlines for today, and now for the international weather report with Mike Sanderson.__eou__Thank you, Bob! This past week has been the beginning of Armageddon for many, a series of unprecedented meteorological events occurred around the world. In Switzerland, a major avalanche was reported in the Alps. Fortunately, no one was injured. Due to to the extreme cold this winter, a blizzard has struck the US Midwest, causing classes in schools and universities to be temporarily canceled.	Moving to to Latin American, Ecuador has suffered a six month drought that has not only affected farming, but has also forced the closure of the hydroelectric power plant that provides electricity for the entire country. In Chile, a major earthquake that registered seven point five on the Richter scale struck the southern region. Losses are reported to be in the billions. Authorities have not yet released an official statement.	Moving to to Latin American, Ecuador has suffered a six month drought that has not affected farming, but has also forced the closure of the hydroelectric power plant that provides electricity for the entire country. In Chile, a major earthquake that registered seven point five on the Richter scale struck the southern region. Losses are reported to be in the billions. Authorities have not yet released an official statement.	Not a great week for the world! Any good news?
222	2578	only		Does the material stand washing?	Sure.This material is not only washable but also unshrinkable, sun-resistant, crease-resistant, resilient.	Sure.This material is not washable but also unshrinkable, sun-resistant, crease-resistant, resilient.	Is it drip-dry?
224	2621	only		This website offers very convenient air tickets booking service. It is quick and accurate.	Yes, I once booked there. They give the immediate confirm information and flight information to both your mobile phone and e-mail. You can conveniently pay by credit card, so the whole transaction only takes a couple of minutes. They also provide e-tickets, meaning you don’t need to go to any office to pick an air ticket. You go to the airport directly and check in with your ID card.	Yes, I once booked there. They give the immediate confirm information and flight information to both your mobile phone and e-mail. You can conveniently pay by credit card, so the whole transaction takes a couple of minutes. They also provide e-tickets, meaning you don’t need to go to any office to pick an air ticket. You go to the airport directly and check in with your ID card.	So it has attracted more and more customers these days.
225	2627	only		May I have a look at that vase, please?	Of course. It's the best one I have here---and it's only 300 yuan.	Of course. It's the best one I have here---and it's 300 yuan.	Oh, it's really nice, but to tell the truth, that's far too expensive.
228	2678	only		Did you like the Chanel bag that I got?__eou__You must have a rich boyfriend because that bag is so expensive!	I bought it on eBay. It was only one-tenth of the original price. And the purchase was so easy.	I bought it on eBay. It was one-tenth of the original price. And the purchase was so easy.	No kidding! Then how do you know the bag's real?
229	2682	only		Only one. But I wanted to make sure I'd get it.__eou__Yeah, I really wanted that Chanel bag, too. But just in case you should bid low.	But there are only two more days until the bidding closes!	But there are two more days until the bidding closes!	I bid on a Chanel watch at the last minute, and got it sixty percent off!
230	2683	only		So, got any more ideas for the website?	"Well, since we're collecting gifts instead of red envelopes, I made a "" for guests only "" gift chat room."	"Well, since we're collecting gifts instead of red envelopes, I made a "" for guests "" gift chat room."	But we registered at Macy's. People can just buy gifts there.
231	2695	only		Wow! Your fruit looks really fresh! How much are these apples?__eou__The apples are 30NT each. How many would you like?__eou__Let's see, 30NT is about ... almost a dollar US. What?! How about these pineapples?	They're 250NT each, but they're not edible. They're only used for worship.	They're 250NT each, but they're not edible. They're used for worship.	Hmm, 250NT is ... 8 dollars?!! And you can't even eat them? You're crazy!
232	2703	only		Who finances the magazine?	I don't know exactly. I only hear it's financed by a famous film star.	I don't know exactly. I hear it's financed by a famous film star.	Does it have a large circulation?
238	2807	only		What kind of car is best for me?__eou__For you, I would recommend this one here.__eou__The compact? Why do you think that one is better than the others?	This automobile is just right for your needs because not only is it compact for ease in city driving, but also, it has many safety features. I know that as a parent, you are concerned about safety in driving your kids to and from school.	This automobile is just right for your needs because not is it compact for ease in city driving, but also, it has many safety features. I know that as a parent, you are concerned about safety in driving your kids to and from school.	That's true. What kind of safety features are we talking about?
240	2810	only		This website offers very convenient air tickets booking service. It is quick and accurate.	Yes, I once booked there. They give the immediate confirm information and flight information to both your mobile phone and e-mail. You can conveniently pay by credit card, so the whole transaction only takes a couple of minutes. They also provide e-tickets, meaning you don’t need to go to any office to pick an air ticket. You go to the airport directly and check in with your ID card.	Yes, I once booked there. They give the immediate confirm information and flight information to both your mobile phone and e-mail. You can conveniently pay by credit card, so the whole transaction takes a couple of minutes. They also provide e-tickets, meaning you don’t need to go to any office to pick an air ticket. You go to the airport directly and check in with your ID card.	So it has attracted more and more customers these days.
241	2814	only		It's my first visit to Prague, I'll be here for three days for a conference, then I have a day on my own to do some sightseeing before I head back home. What do you suggest I see when I'm here?	There are many interesting places you should be sure to see. One problem is transportation, however. Because the city is very old, the roads are narrow and congested. If you only have three or four days to visit, you don't want to spend them waiting in traffic in a cab. I suggest you take the subway.	There are many interesting places you should be sure to see. One problem is transportation, however. Because the city is very old, the roads are narrow and congested. If you have three or four days to visit, you don't want to spend them waiting in traffic in a cab. I suggest you take the subway.	The subway? But is there a subway station next to my hotel? I have to go between the conference center and the hotel several times a day ...
244	2820	only		Paul, you were also a parent of young kids before. So, can you tell me what you did when your kids didn’t behave very well?	I know Mark is your only child. You may do it differently from what I did. Sometimes I would tap their hands when they made troubles.	I know Mark is your child. You may do it differently from what I did. Sometimes I would tap their hands when they made troubles.	I do it, too. You know, sometimes when we eat, my child would pull a dish towards him and grab it with his hands and eat. And if it were something he doesn’t like, he would spit it out and throw it into other dishes. He does it very often. I really get mad. I can’t help spank him sometimes.
245	2821	only		Who finances the magazine?	I don't know exactly. I only hear it's financed by a famous film star.	I don't know exactly. I hear it's financed by a famous film star.	Does it have a large circulation?
250	2903	only		Excuse me. can you tell me where Main Street is?__eou__Turn left at the second light and then go straight for two blocks.__eou__Is it far?	No. it’s only five minutes walk. you can’t miss it.	No. it’s five minutes walk. you can’t miss it.	Thanks a lot
261	3023	only		Could I speak to Mary, please?__eou__This is Mary speaking. Who is that?__eou__This is Bob. Where have you been, Mary? I have been trying to get on to you for the last half hour. Don’t you leave your home at 7	Yes, I do, but today I went shopping and have only just come back. It is very nice to hear your voice, Bob. I didn’t know you were in New York.	Yes, I do, but today I went shopping and have just come back. It is very nice to hear your voice, Bob. I didn’t know you were in New York.	I arrived this morning. I would have rung you before but I have been terribly busy all day attending a conference. It has only just ended. Are you doing anything tonight, Mary?
267	3065	only		Do you think children watch too much tv?	I only allow my child to watch up to an hour a day. I don’t think that tv is bad for kids. I think that kids should be active and not become couch potatoes.	I allow my child to watch up to an hour a day. I don’t think that tv is bad for kids. I think that kids should be active and not become couch potatoes.	Perhaps I should impose a limit on how much tv my kids can watch. They don’t do much else in their free time. At least they always do their homework first.
276	3125	only		May I have a look at that vase, please?	Of course. It's the best one I have here---and it's only 300 yuan.	Of course. It's the best one I have here---and it's 300 yuan.	Oh, it's really nice, but to tell the truth, that's far too expensive.
295	3259	only		when do most children start school in your country?__eou__In America, most children start primary school at the age of five.__eou__How much time do primary school students usually spend at school every day?	Kindergarten students usually only go to school for about four hours every day, but after that, they spend about eight hours in school every day.	Kindergarten students usually go to school for about four hours every day, but after that, they spend about eight hours in school every day.	do they have to go to school on Saturdays?
298	3267	only		May I help you, sir?__eou__Yes, I want to buy a VCR.__eou__Well, we have many models to choose from here.Do you have a particular brand you want?	No. I only want it to be a very good one. The best.It' s a graduation gift for my son.	No. I want it to be a very good one. The best.It' s a graduation gift for my son.	I see. And does your son have a VCR now?
303	3302	only		how is your house hunting going?__eou__not very well. I haven’t found anything within my price range yet.__eou__how much are you looking to spend?	I can only afford about 300 pounds a month.	I can afford about 300 pounds a month.	looks like you’re not going to get more than a bedroom in a shared flat with that.
305	3309	only		have you thought of moving at all Sarah?	we’Ve thought about it, but my husband and I can’t afford it right now. The only thing we could afford would be living in the slums, which is something I don’t want to do.	we’Ve thought about it, but my husband and I can’t afford it right now. The thing we could afford would be living in the slums, which is something I don’t want to do.	buying a house can be expensive, but there are ways to find cheaper houses.
310	3332	only		I'm so hungry! Can you buy me a burrito?__eou__I don't have any money to buy you a burrito.__eou__Please? I haven't eaten anything all day.	Look, I only have money to buy myself a burrito.	Look, I have money to buy myself a burrito.	I'm so hungry, I could eat a whole cow!
311	3340	only		I need a snack from the cafeteria.__eou__What are you thinking of getting?	I only want some chips.	I want some chips.	I think I may get something too.
314	3350	only		I really need to start eating healthier.__eou__I have to start eating better too.__eou__What kind of food do you usually eat?	I try my best to eat only fruits, vegetables, and chicken.	I try my best to eat fruits, vegetables, and chicken.	Is that really all that you eat?
315	3380	only		Are we going to have dinner tonight?__eou__What are you planning on making?__eou__I'm not cooking dinner.	The only way you're eating tonight is if you cook.	The way you're eating tonight is if you cook.	I'm not sure what to cook for dinner.
316	3385	only		Are you going to eat anything with your sandwich?__eou__I may get some fruit.__eou__Oh really, what kind of fruit do you like?	I tend to only eat grapes and apples.	I tend to eat grapes and apples.	What kind of apples do you prefer?
317	3392	only		Have you washed any clothes yet?	No, I've only washed my whites.	No, I've washed my whites.	When you wash your dark clothes, can you put some of mine in?
318	3393	only		Did you already wash your clothes today?	I've only washed my white clothes.	I've washed my white clothes.	Could you wash some of my dark clothes with yours?
319	3394	only		What does it cost to ride this bus?__eou__The fare is $ 1.25.__eou__Have you been driving buses a long time?	I haven't been driving for long — only for a few months.	I haven't been driving for long — for a few months.	Do you like to drive the bus?
327	3465	only		I am very nervous about signing my escrow papers.__eou__Escrow involves a lot of paperwork, but I will explain all of the steps to you as we go along.__eou__What should I have brought with me?	The only thing I will need to see is your driver’s license, as I will be notarizing these papers.	The thing I will need to see is your driver’s license, as I will be notarizing these papers.	I feel a little overwhelmed by so many papers.
330	3483	only		How many parking tickets have you gotten before?__eou__I've gotten a few parking tickets before.__eou__How many?	Only about five or six.	About five or six.	Have you paid off your parking tickets?
331	3484	only		Did you ever get a parking ticket?	Only a few.	A few.	What's a few?
337	3515	only		This looks like a very nice house.__eou__You know, I fell in love with this house the first moment I laid eyes on it.__eou__The style of the exterior is just what I’Ve been looking for!	The exterior is only half of the story. The interior is incredible.	The exterior is half of the story. The interior is incredible.	This home is gorgeous on the inside!
349	3568	only		I need to buy some flowers for my wife.__eou__Perhaps you'd be interested in red roses.__eou__What would the roses cost me?	They're only $ 20 a dozen.	They're $ 20 a dozen.	I like the sound of that.
350	3569	only		I want to buy some flowers for my wife's birthday.__eou__Red roses are always a popular gift for birthdays.__eou__What are the roses going for?	They're only $ 20 a dozen.	They're $ 20 a dozen.	That sounds nice and cheap.
351	3570	only		It's my wife's birthday. I need to buy some flowers for her.__eou__Most women love red roses for their birthday.__eou__How much will the roses be?	You can get a dozen for only $ 20.	You can get a dozen for $ 20.	Now, that's a price that I like.
360	3674	only		Mr. : For tomorrow, read pages 12 to 20. Then do exercises one through ten on page 21.__eou__Do we have to type out our homework?	Mr. : No. You only do that when you write reports.	Mr. : No. You do that when you write reports.	Is there anything else?
365	3779	only		How many credits are you taking this semester?	I have to have at least eighteen to keep my scholarships and grant. But so far, I only have fifteen.	I have to have at least eighteen to keep my scholarships and grant. But so far, I have fifteen.	What's the matter, are the classes you want full?
369	3792	only		Good morning, John. Have you finished reading the novel by Dickens borrowed from the library?	No. I caught a cold two days ago. I only finish reading half of it.	No. I caught a cold two days ago. I finish reading half of it.	I'm sorry to hear that. How are you feeling now?
374	3842	only		You know ... I did very poorly on that test.	Cheer up! It's not the only chance in life to do well on a test. There'll be many more.	Cheer up! It's not the chance in life to do well on a test. There'll be many more.	Well, you know how I am about exams. I'm a perfectionist.
375	3843	only		Can I help you?__eou__Yes, I need to apply for a parking permit.__eou__Are you a professor?	What? Are you kidding? I'm only 22 years old!	What? Are you kidding? I'm 22 years old!	Yes, I am kidding.But don't you know only professors and students with disabilitiescan apply for parking permits?
379	3867	only		How is your new dormitory?	It's very nice. There are only four people, and those girls are very kind and friendly.	It's very nice. There are four people, and those girls are very kind and friendly.	Well, do you all major in the same subject?
380	3871	only		I need some books on hardware.__eou__There's many books here.What about these?__eou__Great! They're the very books I want.May I borrow two books?	Sure.But you can only keep them for a week.	Sure.But you can keep them for a week.	I see.Thank you.
383	3896	only		In my country, we go to school from 8 o'clock in the morning until five in the afternoon.__eou__Five days a week, too?	Actually, five and a half. On Saturday, we have classes only in the morning.	Actually, five and a half. On Saturday, we have classes in the morning.	Gosh!
384	3926	only		Have we handed out all the water?__eou__Yes. So what else to do now?	Nothing. The teacher said the only thing left was to get back all the disposable cups later.	Nothing. The teacher said the thing left was to get back all the disposable cups later.	I see. How do you like the game?
386	3930	only		Are these your text books? Biochemistry, General Ecology, Botany, Cell Genetics, Molecular Genetics ...__eou__Yes. I gotta review all of them for the final exam. It is just around the corner.__eou__Oh, right! Do you have many exams at the end of each semester?	That depends. Some semesters have many, some don't. And some courses don't have exams but only ask for papers. That's easy.	That depends. Some semesters have many, some don't. And some courses don't have exams but ask for papers. That's easy.	And when do you prepare for your final exam?
388	3953	only		Have you been in America long, Hellen?	No. Only for a couple of weeks.	No. For a couple of weeks.	Where are you going to study?
392	3979	only		In my country, we go to school from 8 o'clock in the morning until five in the afternoon.__eou__Five days a week, too?	Actually, five and a half.On Saturday, we have classes only in the morning.	Actually, five and a half.On Saturday, we have classes in the morning.	Gosh!
396	3999	only		Hello, I need to register for a class.__eou__What class are you trying to take?__eou__I want to take a Psychology class.	Well, there are only two classes open.	Well, there are two classes open.	Can you tell me what days the classes are on?
398	4003	only		My German teacher thought it would be a good idea to have German pen friends to write to in German.__eou__What a great idea! Now you have a friendly audience to practice with!	The only thing is that my pen friend will be writing in English.	The thing is that my pen friend will be writing in English.	Oh, he wants to practice his language skills, too.
411	4123	only		you look better today. How did your test go?__eou__much better than it did yesterday.__eou__did you pass?	I not only passed my test, but I aced it! I'm so happy!	I not passed my test, but I aced it! I'm so happy!	you should be. You worked really hard last night preparing for it.
417	4171	only		I work so hard that I do not have the energy to exercise.__eou__That is just an excuse.You can always find some time to exercise.__eou__But I work hard all the time for long hours. Often I have no time for lunch. Yet, I am still getting fatter.	Bill, you know that work is not the same as exercise as it is stressful but not relaxing.And skipping meals will not help you lose weight.In fact your body will only store fat if you miss meals.	Bill, you know that work is not the same as exercise as it is stressful but not relaxing.And skipping meals will not help you lose weight.In fact your body will store fat if you miss meals.	I know you're right, but what can I do?
418	4172	only		This man looks very handsome.Is he married?__eou__Sure.He has already married, a father of two boys.__eou__Oh, I can't believe it.He looks very young.	He took the picture when he was only 21 years old.	He took the picture when he was 21 years old.	I see.
427	4367	only		My goodness! What happened? You have blood on your face.__eou__Oh, don't worry. I just killed a pigeon.	How could you have the heart to kill it? We only have one!	How could you have the heart to kill it? We have one!	It spoiled my painting!
430	4413	only		It may comfort you to know that many people attended his viewing.__eou__How did they hear? No one called.__eou__In times of loss, it is often hard to pick up the phone. But his whole family was here.	His mom and dad must be destroyed. He was their only son.	His mom and dad must be destroyed. He was their son.	And he was so young, with so much life to look forward to.
433	4501	only		So Kim, have you ever had anything stolen?__eou__Stolen? No, why?__eou__My uncle just had his motorcycle stolen a few nights ago. I was just thinking about how clever criminals are these days.	Criminals are clever? They're only successful when people are careless.	Criminals are clever? They're successful when people are careless.	I don't know. The ones who stole my uncle's motorcycle were pretty good.
435	4541	only		Harry is so down that he won't talk to anyone.	I know only too well what that's like.	I know too well what that's like.	What do you mean?
436	4548	only		Do you mind if I get a lift in your car, please?	I don’t see any problem, only the car is a bit old.	I don’t see any problem, the car is a bit old.	Oh you’re so kind!
439	4578	only		I've been told that you are a very successful businessman abroad. I wonder how you managed to achieve such success?__eou__Oh, through a lot of hard work, of course.__eou__I suppose that in a foreign country it was difficult at first, wasn't it?	Surely it was, especially when you only knew few people and little English.	Surely it was, especially when you knew few people and little English.	You mean you didn’t know much English then?
441	4614	only		Hello, is this the ABC company?__eou__Yes, may I help you?	We have just arrived from Tokyo only ... looking for a reserve car of your company. All of above, we cannot find it.	We have just arrived from Tokyo ... looking for a reserve car of your company. All of above, we cannot find it.	What is your reservation number?
442	4622	only		How do you get along with your co-workers?__eou__I get along pretty well with most of them.It seems there are always a few rotten apples in the bunch, though, Like Margaret. I don't know why management hasn't fired her yet.She' s a terrible gossip.__eou__Do you think management should fire someone just because they gossip?	It's not only that she gossips, but she also tries to start problems among other employees by spreading rumors and telling lies about her co-workers.She' s not trustworthy, and in my opinion, I think she's nuts.	It's not that she gossips, but she also tries to start problems among other employees by spreading rumors and telling lies about her co-workers.She' s not trustworthy, and in my opinion, I think she's nuts.	So how do you develop good relationships in the office?
446	4713	only		I’m Miss Sherman. What seems to be the problem?	Well, apparently I’Ve run up quite a bill. I was under the impression that the Junior Executive Holiday Package only cost 250 dollars per night. I’Ve just been informed that it’s actually 500 do	Well, apparently I’Ve run up quite a bill. I was under the impression that the Junior Executive Holiday Package cost 250 dollars per night. I’Ve just been informed that it’s actually 500 do	That’s true. For the Junior Executive Room ... three nights ... yes, your bill should be $ 1,500
451	4762	only		... Now that we have been over the gory details of our disastrous first quarter, Ed! Give us some good news. How are things looking for us in terms sales this month?__eou__Uh well ... would you like the bad news first or the really bad news?	What? Ed, don’t tell me you only have bad news!	What? Ed, don’t tell me you have bad news!	Well sir, our sales have dropped, no plunged, fifty percent in the past month alone. We are currently overstocked and overstaffed and our profits refalling fast. The market is in recession and we have no way of moving our inventory, or getting rid of our staff. If we consider redundancies, it would cost us a fortune because of the new regulations governing compensation packages. It’s a real mess.
458	4867	only		I've heard that you've made a new strange friend recently, Sophie.	Yes. He is an old man with a great sense of humour. Not only can he play the piano, he also draws pictures very well.	Yes. He is an old man with a great sense of humour. Not can he play the piano, he also draws pictures very well.	So you can learn a lot from him.
460	4899	only		Hi, how is it going?	Pretty good, Sam. Only the awful weather, you know.	Pretty good, Sam. The awful weather, you know.	That’s right. I’Ve never really liked it since I got here.
468	5158	only		What happened to that girl you were seeing?__eou__Oh Jackie? We broke up last week.	That was a short relationship. You only started dating 2 months ago.	That was a short relationship. You started dating 2 months ago.	It was actually a long two months. She was a psycho.
472	5188	only		I've been told that you are a very successful businessman abroad. I wonder how you managed to achieve such success?__eou__Oh, through a lot of hard work, of course.__eou__I suppose that in a foreign country it was difficult at first, wasn't it?	Surely it was, especially when you only knew few people and little English.	Surely it was, especially when you knew few people and little English.	You mean you didn't know much English then?
473	5207	only		I hate this kind of weather!__eou__When I was a kid, there was a weather who said there is no such thing as bad weather.__eou__I think he had water on the brain. This is bad.	He said there are only all kinds of good weather.	He said there are all kinds of good weather.	Okay, Pollyanna, what's so good about this weather?
474	5220	only		There is a new coffee shop opening up down the street.	I hope that they have a good menu. Most coffee shops only have coffee and Danish.	I hope that they have a good menu. Most coffee shops have coffee and Danish.	That's right. You don't drink coffee, do you?
478	5252	only		It's going to strike 12 o'clock. Let's get the firecrackers ready, Rose.__eou__Aren't firecrackers forbidden in the city?	Well yes, but they are not allowed only in downtown areas. It's OK here. It would be difficult to ban customs that have thousands of years of tradition. The habit does bring kids joy and excitement so long as precautions are taken. Let's go out and set off firecrackers out there.	Well yes, but they are not allowed in downtown areas. It's OK here. It would be difficult to ban customs that have thousands of years of tradition. The habit does bring kids joy and excitement so long as precautions are taken. Let's go out and set off firecrackers out there.	Fantastic! The whole city is echoing with crackling sounds!
479	5268	only		I'm really curious. What is it like doing housework all day for a living?	It's a little like being a mom, only I get paid for it!	It's a little like being a mom, I get paid for it!	I still think that it is a bitstrange that you like to do that kind of thing. Most women would rather hire a maid.
490	5474	only		Do you have any habits such as smoking?	No, I rarely smoke. I don't drink, either. I only drink with my family on celebrations or with close friends.	No, I rarely smoke. I don't drink, either. I drink with my family on celebrations or with close friends.	What kind of winter sport do you like best?
495	5551	only		Did you watch the final last night? My favorite singer won!	Oh, I love him too. He not only sings well but also shows perseverance when he encounters difficulties in the contest.	Oh, I love him too. He not sings well but also shows perseverance when he encounters difficulties in the contest.	Yeah, he got booted after his initial performance in the audition, but he did not give up. He then tried at another two auditions.
497	5572	only		What should we do this Saturday?__eou__Rocky six is suppose to come out this Friday.__eou__Yeah, but I don't know if it is going to be any good.	The only reason I want to see it is because I have seen the previous five.	The reason I want to see it is because I have seen the previous five.	True. Ok. Let's see it this Saturday.
500	5598	only		Hey Joanne. What are you up to?__eou__I'm just watching some television.	I'm so bored. I don't know what I'm going to do today and it is only ten in the morning.	I'm so bored. I don't know what I'm going to do today and it is ten in the morning.	Me too. Do you think we are boring people?
503	5608	only		William told you that his grandmother is sick, huh? What exactly did he say?	He said his grandmother got cancer and has only a few weeks to live. It's really so sad! But when I talked to him on the phone, it sounded like he was holding up really well.	He said his grandmother got cancer and has a few weeks to live. It's really so sad! But when I talked to him on the phone, it sounded like he was holding up really well.	It didn't sound like he was too upset, huh? What did you tell him?
505	5627	only		Hey Joanne. What are you up to?__eou__I'm just watching some television.	I'm so bored. I don't know what I'm going to do today and it is only ten in the morning.	I'm so bored. I don't know what I'm going to do today and it is ten in the morning.	Me too. Do you think we are boring people?
508	5668	only		That new Sony camcorder you've got is just beautiful.__eou__Yeah.It is the very latest in digital video cameras.__eou__I can see digital video products are quickly going mainstream with their plunging price.	Getting cheaper is not the only reason for their popularity.They come with a lot of inviting functions.	Getting cheaper is not the reason for their popularity.They come with a lot of inviting functions.	Such as?
511	5674	only		It seems to me that everything is going digital nowadays.__eou__Yes. Speaking of digital wares, I bought a digital camera last week.__eou__Cool! What brand	A Sony. It's only one third the size of my old camera and looks rather smart.	A Sony. It's one third the size of my old camera and looks rather smart.	What about the quality?
512	5691	only		What is the most unexpected thing you experienced in space?__eou__I wasn't quite prepared for the view of the Earth as we left. It was just awe-inspiring. It emerged from just a slightly curved horizon to a whole Earth, where you could look across oceans and continents in a single glance. I wasn't quite prepared for that. It's inevitably etched in my memory.__eou__When viewing the Earth from space, do you feel detached from humanity or more a part of the totality of humankind?	Detached. You're literally detached from one planet, captured by another. Your only link to reality is the Earth out there; fortunate - 1y, it stays in view the whole time.	Detached. You're literally detached from one planet, captured by another. Your link to reality is the Earth out there; fortunate - 1y, it stays in view the whole time.	There're a lot of suspicions that the International Space Station is never going to become reality. Is it going to be some future project that never happens?
513	5694	only		Is there any ticket left for tonight's concert?__eou__I am sorry, sir.All the tickets have been sold out.__eou__What a shame. Will there be the same performance tomorrow evening?	Sorry, sir. The only tickets of the same performance available are on 21st.	Sorry, sir. The tickets of the same performance available are on 21st.	That's fine. I want 2 tickets.
515	5718	only		How big is your family?	My family is not big, there are only 3 of us-my parents and I.	My family is not big, there are 3 of us-my parents and I.	Who supports the family?
517	5731	only		You are quite busy every day.__eou__Yes. Work starts at eight and I arrive home after six.__eou__So you have to work all day.	I can take a break at lunch time, but it is only 30 minutes.	I can take a break at lunch time, but it is 30 minutes.	I see you sometimes work on weekends, too.
519	5739	only		Jim, I heard you took a trip to San Diego. Is that right?__eou__Yeah, I just got back this morning.__eou__That sounds really nice. What did you do there?	Well, we were only there for three days, so we didn't do too much. We went shopping and went out to dinner a few times. And at night we walked around the city with some friends.	Well, we were there for three days, so we didn't do too much. We went shopping and went out to dinner a few times. And at night we walked around the city with some friends.	Did you take any pictures?
520	5746	only		Let's meet tonight at the Thai restaurant at about 5.__eou__Fine, I'll take a taxi.	Why don't you walk? It's only about 20 minutes walking and it's a nice evening.	Why don't you walk? It's about 20 minutes walking and it's a nice evening.	Never thought about it, I sure you are right. It's quite a short walk.
521	5749	only		Do you have brothers and sisters?	No, I am the only child in my family.	No, I am the child in my family.	Oh, I have an elder sister. She is married .. Her husband is a businessman.
522	5762	only		Do you consider yourself a good mother?__eou__Yes, I'm a very good mother and successful career woman.__eou__How can you manage to do both? I mean, it is so hard to be a working mother.	I think the most important thing is that you should be nice to yourself, like keeping housework simple, spending money on things that make life easier, buying yourself things you like, and so on. You can only be nice to others when you can be nice to yourself.	I think the most important thing is that you should be nice to yourself, like keeping housework simple, spending money on things that make life easier, buying yourself things you like, and so on. You can be nice to others when you can be nice to yourself.	Does your husband feel the same?
529	5831	only		Now that you'recommending such enormous fees, producers, directors, movie-makers must see you in a completely different light.__eou__Yeah.__eou__Then the standard that you set yourself originally must have changed.	Well, if that's the case, I don't mind breaking the image that they might have or the standards that they have. I can only do what I know, and live how I've lived all my life, because I'm a fairly stubborn person.	Well, if that's the case, I don't mind breaking the image that they might have or the standards that they have. I can do what I know, and live how I've lived all my life, because I'm a fairly stubborn person.	It seems to me that now you're famous. You've got to go out and be seen at the right places and go to the right parties.
530	5838	only		Did you watch the Premiership last night?__eou__Yes, I watched United play Chelsea. What a fierce battle! allay were engaged in intensive pressing and tackling in midfield. Well, it was not like a normal English League match.	No, it wasn't. Rather, it looked like a Bundesliga match, where physical contact is so frequent. English League teams are apt to pass the midfield quickly with long passes. It seems to me English soccer players are very gentlemanly. As Diego Maradona spoke teasingly, they often knew only chasing hard after the ball, but forgot to steal it.	No, it wasn't. Rather, it looked like a Bundesliga match, where physical contact is so frequent. English League teams are apt to pass the midfield quickly with long passes. It seems to me English soccer players are very gentlemanly. As Diego Maradona spoke teasingly, they often knew chasing hard after the ball, but forgot to steal it.	Haha. That's probably why slide tackle and fouls are less common, and offsides more frequent in English League matches than those on the Continent. And the ball is often kept flying overhead, drawing beautiful curves in the sky. Such games are quite pleasing to the eye.
531	5840	only		Which team do you think will emerge with the last laugh in this World Cup?__eou__I wish it could be Germany. But it seems they are not in a very good conditions.	No, they aren't. They had a hard time in the group stage and only sealed a sit in the eighth-finals with Wallack' s header in the final three minutes. Just think, group A consists of Austria, China, and Saudi Arabia, all of which are minnows.	No, they aren't. They had a hard time in the group stage and sealed a sit in the eighth-finals with Wallack' s header in the final three minutes. Just think, group A consists of Austria, China, and Saudi Arabia, all of which are minnows.	It seems they've been out of luck since the beginning of the event. Their shots hit the woodwork as many as six times. Oh. my goodness! I'm afraid the team is under a spell.
532	5841	only		What do you think of smoking?	It's harmful. Not only for yourself but for others.	It's harmful. Not for yourself but for others.	What in your opinion can be done to stop smoking?
534	5847	only		I've brought a little dog for Alice, girls usually like looking after pets.	Thank you, but Alice is only a visitor here. I don't know if she'll keep it.	Thank you, but Alice is a visitor here. I don't know if she'll keep it.	To tell you the truth, the dog isn't my real reason for coming. I want to ask Alice if she'd like to be my girlfriend.
540	5934	only		Do you like swimming?__eou__Yes. Swimming is one of my most favorite sports, indoors or out-doors.__eou__Me too. Swimming is a very good exercise for health. It combines water, bath, sunbath, and air bath together. It promotes the growth and haleness of muscles, bone, viscera and nerve systems.	I have never thought that swimming can bring us so many benefits. I only know that swimming in great waves and deep running water can train people's spirits, and enable people to be fearless of the hardships, dangers and difficulties and become brave and staunch.	I have never thought that swimming can bring us so many benefits. I know that swimming in great waves and deep running water can train people's spirits, and enable people to be fearless of the hardships, dangers and difficulties and become brave and staunch.	Have you ever swum in a river or a lake?
542	5953	only		Do you like traveling?__eou__Yes, I've just come back from Scotland.__eou__Where did you visit?	I only had time to visit Edinburgh.	I had time to visit Edinburgh.	How did you like it?
543	5954	only		So, is L. A. all it's cracked up to be?__eou__Well, the stereotype in the movies is that L. A. is a frivolous town with a lot of flaky people. I guess, in the back of my mind, that's what I expected.__eou__And, is it what you found?	Well, it is and it's not. The city of L. A. is much bigger and more diverse than I had expected. There are people here from all over the country and all over world, like New York. I've heard people say that in L. A., everyone is from somewhere else. Tha's partly true. So, I've met all kinds of people here. What I'm realizing is that the picture of L. A. that's in movies only represents a small segment of the city.	Well, it is and it's not. The city of L. A. is much bigger and more diverse than I had expected. There are people here from all over the country and all over world, like New York. I've heard people say that in L. A., everyone is from somewhere else. Tha's partly true. So, I've met all kinds of people here. What I'm realizing is that the picture of L. A. that's in movies represents a small segment of the city.	You're right. Life isn't always like the movies.
545	5969	only		But Sue is indeed beaut. Men can hardly resist such a knock-out.__eou__Birds of feather flock together. You must be one of these men.	I know little of her. I only think she’s pretty and intelligent. Of course, she’s diligent, too.	I know little of her. I think she’s pretty and intelligent. Of course, she’s diligent, too.	That’s enough for you to worship the ground she treats on.
549	6002	only		Has Robert ever missed coming to one of our parties?	Only once or twice at the most.	Once or twice at the most.	Do you know why?
550	6008	only		Well, how was your honeymoon?	It was fantastic! We had such a good time. The only problem was that because it was their high season, we spent hours queuing.	It was fantastic! We had such a good time. The problem was that because it was their high season, we spent hours queuing.	Peak periods always entail hours of queuing. At least you got a nice tan though!
551	6020	only		I don’t know why bucks have such a great charm that a great many people are after nothing else.	They want to be filthy with dough and think it the only source of their happiness.	They want to be filthy with dough and think it the source of their happiness.	But many rich guys don’t think they are truly happy. There is always some empty feeling deep inside them.
556	6085	only		Susan, Did you know the four ugliest women in ancient China?	No, I only know four great beauties of China.	No, I know four great beauties of China.	There were some famous ugly women in history.
557	6092	only		What good sunshine! Let's go and get a suntan on the balcony.__eou__I've had enough of it while working under the sun in the day. I don't need any more sun-tan.	It's different in my case. I work in the office, so only rarely do I get the chance to get any sun.	It's different in my case. I work in the office, so rarely do I get the chance to get any sun.	It might be good to you. But please keep in mind that too much tanning damages the skin rather than does any good to you. You might end up with skin cancer.
563	6161	only		Did Roll win the race?	Yeah, he did. But he only won it by a hair's breadth.	Yeah, he did. But he won it by a hair's breadth.	But anyway, he won at last.
565	6222	only		Have you thought of moving at all, Sarah?	We’Ve thought about it, but my husband and I can’t afford it right now. The only thing we could afford would be living in the slums, which is something I don’t want to do.	We’Ve thought about it, but my husband and I can’t afford it right now. The thing we could afford would be living in the slums, which is something I don’t want to do.	Buying a house can be expensive, but there are ways to find cheaper houses.
566	6241	only		I don’t know what I’m going to do! It’s going to be impossible to make ends meet if I lose my job!__eou__Don’t worry. I don't think you’re going to lose your job over one mistake.__eou__It was a rather big mistake. When you work as an investment adviser, one small mistake can cost the company millions.	But it wasn’t just you who was involved, right? You were only doing what your supervisor told you to do.	But it wasn’t just you who was involved, right? You were doing what your supervisor told you to do.	That’s true, but my supervisor is very dishonest. There’s no reason he needs to tell our boss the truth. I’m sure he will tell our boss that it was all my fault, and there’s nothing I can do about that. My boss won’t believe me if I tell him the truth.
568	6261	only		How about the matter?__eou__I heard it has been finally settled under the rose.	It’s the only way to preserve her reputation.	It’s the way to preserve her reputation.	Yeah, fortunately it did not cause a disaster.
576	6359	only		Look, it's all water over the dam now. Let's leave it behind us.__eou__Yeah, I know, but it's too hard to do.__eou__Our eyes should look into the future. We could not live in the past.	Only sometimes when I think about it, I feel very sad.	Sometimes when I think about it, I feel very sad.	It's normal. Time will change everything.
577	6372	only		Don't be too sad. If you really think that you have no feeling with him, then, in my opinion, getting divorced maybe is the best way to solve the problem.__eou__I know clearly at the bottom of my heart. I just can't set my mind at rest because of the child. She's little. She cannot understand us and accept such truth.	Yeah, child is the matter. Don't tell Jenny the truth, only tell her the white lie. When she grows up, you find the suitable opportunity to tell her.	Yeah, child is the matter. Don't tell Jenny the truth, tell her the white lie. When she grows up, you find the suitable opportunity to tell her.	I see. OK.
580	6461	only		What do you think of smoking?	It’s harmful not only for yourself but for others.	It’s harmful not for yourself but for others.	What in your opinion can be done to stop smoking?
583	6487	only		Lily thinks that the job takes a back seat to the family after she is married.__eou__She must be a good wife.	Not necessarily. This is only what she says, not what she does.	Not necessarily. This is what she says, not what she does.	I see.
584	6510	only		What's that book you have under your arm?__eou__It's the best seller everyone's been talking about for the last six months.__eou__How in the world did you get a copy? I've put a hold on it at the public library for weeks and I'm still waiting my turn.	I checked it out of the rental library. It only costs five cents a day.	I checked it out of the rental library. It costs five cents a day.	Is it really worth paying for?
592	6598	only		What will you do now? Propose to her.	Of course I won't chill out. Opportunity knocks only once.	Of course I won't chill out. Opportunity knocks once.	You should strike while the iron is hot.
595	6672	only		I’m sorry, dad. But you can’t do that. It’s for me to decide.	Oh, I see. You’Ve already decided, have you? Now, you listen to me, you’re only 19.	Oh, I see. You’Ve already decided, have you? Now, you listen to me, you’re 19.	I didn’t say I’d already decided, dad. I said it was for me to decide. There is a difference.
596	6682	only		Lisa, I am told you did very well in your exam.	I was the only one who got a strait A in my class.	I was the one who got a strait A in my class.	Congratulations on your success.
602	6774	only		Oh, hi Pam. When did you get back from Canada? How was it?	The day before yesterday. I only visited Montreal and Ottawa, but I had a great time.	The day before yesterday. I visited Montreal and Ottawa, but I had a great time.	Which city did you like better?
604	6814	only		Mary is such a cautious girl!__eou__What do you mean by cautious?	She never puts words into her mouth, she only repeats the opinions of others.	She never puts words into her mouth, she repeats the opinions of others.	Thats a clever way to escape responsibility.
605	6859	only		Have you met John?__eou__Yeah, he came back from America last week.	Have you noticed how fluently he speaks English? He has only lived in America for less than three months.	Have you noticed how fluently he speaks English? He has lived in America for less than three months.	He must have a good ear.
609	6911	only		Oh, hi, Lily. When did you get back from Canada?__eou__Just last week.__eou__How was it?	Oh, I loved it. I only visited a couple of cities, you know. But I had a great time.	Oh, I loved it. I visited a couple of cities, you know. But I had a great time.	Well, tell me. What are they like?
610	6962	only		Hi! How are you going?__eou__Fine, thank you.How are you doing this morning?__eou__Not bad.How about you? Haven't seen you for a long time.	Yes. I've been to New York. I got back only yesterday.	Yes. I've been to New York. I got back yesterday.	Did you enjoy yourself?
