id	word	context	w_word	wo_word	followup	with-without_diff	subset
1157	just	Is there something I can help you with?	No, I'm just browsing. Thanks anyway.	No, I'm browsing. Thanks anyway.	Ok.	0.2506633094	h
5467	just	I want to leave the motorbike outdoors.	Fine, just don't do it at night.	Fine, don't do it at night.	Why not?	0.2215410698	h
2485	just	I'm looking for some fresh produce that's on sale.	Well, we just got in some mangoes.	Well, we got in some mangoes.	Mangoes. What are they?	0.2148120636	h
2798	just	Hello, sir. Is there anything I can help you find?	Um ... Uh ... I'm just looking, thanks.	Um ... Uh ... I'm looking, thanks.	Need a gift for your girlfriend or wife?	0.2090342589	h
1627	just	Excuse me, do you have the latest issue of Newsworld?	Yes, this week's issue just came in. Here it is.	Yes, this week's issue came in. Here it is.	How about Music Madness?	0.1792817397	h
4508	just	Mom, have we got any cookies?	Cookies? You just ate an hour ago.	Cookies? You ate an hour ago.	I know, but I'm hungry.	0.169335782	h
638	just	Hello, do you have any vacancies?	Yes, something just opened up.	Yes, something opened up.	What kind of apartment is it?	0.1475478851	h
8659	just	wow! You're going to Tibet?	Yes, my brothe and I are going. We just finished making our itinerary.	Yes, my brothe and I are going. We finished making our itinerary.	that's really cool! I've always dreamed of going somewhere like Tibet, seeing something unique.	0.1248743342	h
6078	just	Steven, why are you so depressed?	I'm feeling very sad. I just read the newspaper.	I'm feeling very sad. I read the newspaper.	What's the news?	0.1190309152	h
9954	just	I made a reservation three days ago.My name is George Smith.	Just a moment, please.Yes, I can let you have Room 560 with a view of the sea.	A moment, please.Yes, I can let you have Room 560 with a view of the sea.	That's very kind of you.	0.1184268641	h
5138	just	Do you mind if I ask your friend out?	Of course, but we aren't going out, we're just friends.	Of course, but we aren't going out, we're friends.	Okay, that's good.	0.1151122086	h
498	just	I'm hungry. Do we have anything to eat?	Just a few cookies.	A few cookies.	That's fine with me.	0.1138695549	h
7769	just	What's up? You look depressed.	I just had a quarrel with him.	I had a quarrel with him.	Would you rather I taught him a lesson for you?	0.06309096508	h
12718	just	Hello Mr Waterstone, what can I do for you today?	Hello, Becky. Well, you see, I have this thing here, called a Fixed Deposit Certificate, and I've just noticed the date on it.	Hello, Becky. Well, you see, I have this thing here, called a Fixed Deposit Certificate, and I've noticed the date on it.	Oh, I see. You have two choices here you can either redeem or renew.	0.06188520231	h
8242	just	Hello.this is Susan.	Hello, I’m Mark. I’m just wondering if you are free this weekend	Hello, I’m Mark. I’m wondering if you are free this weekend	Yes, I think So.	0.03103196315	h
8890	just	Wow! What’s the hold up?	It’s probably just people trying to get an early start out of the city for the weekend. Nobody sticks around in the summer.	It’s probably people trying to get an early start out of the city for the weekend. Nobody sticks around in the summer.	Really? Then, I guess I won’t have a hard time finding a room or getting a cab?	0.02979903111	h
10613	just	Oh, I think I broke my leg.__eou__Here, sir. Sit down in this wheel chair.__eou__Thanks.	The doctor will be with you in a moment. I just need to ask you a few questions.	The doctor will be with you in a moment. I need to ask you a few questions.	All right.	0.02979191874	h
6323	just	Hello, Chandler! How are you?__eou__Fine. And you?	Just so so. I am too tired. My company has been holding too many training sessions lately.	So so. I am too tired. My company has been holding too many training sessions lately.	That's good. Not Evey company provides employees with training opportunity. It seems that your company wants to further develop their employees and encouragelifelong learning.	0.02977460947	h
4012	just	Are you ok, Chuck? You look pale.	I'm fine, Katherine. I just stayed up late last night working on my Chinese.	I'm fine, Katherine. I stayed up late last night working on my Chinese.	Oh, poor you. You know what? I found a new way to learn Chinese and it works very well.	0.02958361381	h
9268	just	Hi, Jane. How are you doing this morning?	I’m all right, thanks. Just a little tired.	I’m all right, thanks. A little tired.	Late night?	0.02913338124	h
788	just	Excuse me. Does this bus go by Tiananmen square?__eou__Yes, it does.__eou__At which stop should I get off?	There is a stop at Tiananmen Square. The stops will be announced on the bus both in English and Chinese. When the stop is coming, you just push the red button near the rear door if you want to get off.	There is a stop at Tiananmen Square. The stops will be announced on the bus both in English and Chinese. When the stop is coming, you push the red button near the rear door if you want to get off.	Okay, thanks very much.	0.02825611798	h
5758	just	Do you like the Harry potter books and movies?__eou__Not really!__eou__Why not? They are very fun and exiting.	Maybe, but I think they are just for kids.	Maybe, but I think they are for kids.	No, that’s not true. Many adults like the Harry potter books too.	0.02806011798	h
7873	just	How are you getting along with your wife now?__eou__What can you expect? Not that good.__eou__What are you going to do then?	Just let it go.	Let it go.	How are your work now?	0.02794625726	h
2141	just	I am sorry for damaging your car, sir.	Don't worry about it. Just leave it to the insurance companies.	Don't worry about it. Leave it to the insurance companies.	The car park in this community is over crowded, isn't it?	0.02786302372	h
5388	just	Hey Mike. What are you doing?__eou__Nothing much. What are you up to?	I was just concerned about Sam. He hasn't been himself lately.	I was concerned about Sam. He hasn't been himself lately.	He took the civil service exam and failed.	0.02709298854	h
1001	just	Hello! Are you shopping here today? Haven't I seen you in some flea markets and thrift shops a couple of times?	I'm just comparing prices.	I'm comparing prices.	You should! This thrift shop is really cheap, though, you have to pay cash here.	0.02709035556	h
9687	just	Excuse me, here is my claim tag, but I can't find my baggage.__eou__How many pieces of baggage have you lost?	Just one piece.	One piece.	Can you tell me the features of your baggage?	0.02405284207	h
6768	just	Kathy! How are you? It's been ages! What are you doing these days?	I just opened my own restaurant. I'm also head chef.	I opened my own restaurant. I'm also head chef.	You're kidding! You've always hated cooking!	0.02267206632	h
12662	just	Is everything all right?__eou__Not at all.__eou__What's the problem?	Someone just robbed me.	Someone robbed me.	What do you mean?	0.02180614444	h
1461	just	Operator. May I help you?__eou__Yes. How do I get an outside line, please?	Just dial 0, wait for the dial tone, and then dial the phone number you want to call. Or we can place a call for you, if you want.	Dial 0, wait for the dial tone, and then dial the phone number you want to call. Or we can place a call for you, if you want.	No, thanks a lot. I'll try it myself.	0.01967432211	h
10555	just	Has everything been OK with you lately?__eou__I haven’t been able to get a good night’s sleep lately. I’m exhausted!__eou__Have you been too busy to get enough sleep?	I try to go to sleep, but I just can’t stay asleep.	I try to go to sleep, but I can’t stay asleep.	How late do you try to go to sleep?	0.0194706054	h
2164	just	I love breathing fresh air in the suburb places, while sitting in the morning sunshine.__eou__I can't agree more, honey. We need to get away from work from time to time.	Yeah, just return to nature and feel the thrills of its beauty.	Yeah, return to nature and feel the thrills of its beauty.	We are nor alone here. So many other families!	0.01945697337	h
6675	just	I think modern painting means nothing.	I think so too. It's just pointless.	I think so too. It's pointless.	Then why are so many guys so crazy about it?	0.01945145069	h
8011	just	I can't believe it! I lost.__eou__It looks like you have to buy tickets for us, Jason. And we're not going to see an action movie!__eou__That's not fair, you got all the easy questions.	I guess that's just the luck of the draw.	I guess that's the luck of the draw.	I want a rematch. Let's play again.	0.01936019031	h
3966	just	Daniel, would you like to have a look at my dorm?__eou__Of course, I'd like to.	It is a small room, just for 4 people.	It is a small room, for 4 people.	What is in it?	0.01921202135	h
2438	just	OK, so are you ready to learn how to bake a cake?	Almost, let me just put my apron on.	Almost, let me put my apron on.	OK, so the first thing we are going to do is pre-heat the oven, that way we have it at the desired temperature once we finish preparing everything. Set it to three hundred and seventy five degrees Fahrenheit.	0.0110856564	h
3236	just	Can I help you?__eou__I'd like the double cheese burger meal, please.__eou__What kind of drink would you like with that?	Just coke will be fine.	Coke will be fine.	Would you like a super size meal? Only 2 RIB more, you'll get large coke and fries instead of medium. And today we are offering free toys all the meal boxes.	0.01050724578	h
1907	just	How was your morning jog?__eou__Very good. I feel quite refreshed now! You should come with me sometime - exercise is good for you!__eou__To be honest, I’d rather watch television! Where did you go?	I just ran alongside the main road.	I ran alongside the main road.	Oh you ought to go to the park next time. They have a route for joggers there.	0.01045426787	h
2717	just	Hmm. Not bad. I think I look younger with shorter hair.__eou__Yes, you do. The Hot Cap is back here in the corner. I think we're ready to put the curlers in. What kind of perm would you like?	I just want a light wave. I look really silly if my hair is too curly.	I want a light wave. I look really silly if my hair is too curly.	All right. What if we leave your bangs straight and just perm the sides and back?	0.01031345776	h
4722	just	Are you alright, Ethan? You don't seem to be as cheerful as you normally are.	To be honest, Ava, I've just had a really bad day.	To be honest, Ava, I've had a really bad day.	What happened?	0.01020442507	h
